Molecule ChEMBL ID,Standard Value,label,pIC50,SMILES
CHEMBL237149,5600.0,1,5.251811972993798,COc1ccc(C2=NNC3(S2)C(=O)N(Cc2ccccc2)c2ccccc23)cc1
CHEMBL4066965,9.0,1,8.045757490560675,C[C@H](Cc1ccc(C(F)(F)F)cc1)C(=O)NC[C@@]1(C2CC2)NC(=O)NC1=O
CHEMBL1644424,3600.0,1,5.443697499232711,O=C(NC[C@H]1CC[C@H](C(=O)O)CC1)c1cc(-c2ccc(OC(F)(F)F)cc2)ns1
CHEMBL146718,72.0,1,7.142667503568733,Cc1ccc(S(=O)(=O)N2CCc3cc(OCc4ccccc4)ccc3C2C(=O)NO)cc1
CHEMBL148406,191.0,1,6.718966632752272,Nc1ccc(S(=O)(=O)N2CCc3cc(O)ccc3C2C(=O)NO)cc1
CHEMBL77258,14.0,1,7.853871964321763,CCCCC(CC(=O)NO)S(=O)(=O)C1CCCCC1
CHEMBL494528,5.6,1,8.2518119729938,CCCOC(=O)Nc1ccc2oc3cc(S(=O)(=O)N[C@H](C(=O)O)C(C)C)ccc3c2c1
CHEMBL523201,2.1,1,8.67778070526608,CC(C)[C@H](NS(=O)(=O)c1ccc2c(c1)oc1ccc(NC(=O)OCCF)cc12)C(=O)O
CHEMBL493958,12.0,1,7.920818753952375,COC(=O)Nc1ccc2c(c1)oc1cc(S(=O)(=O)N[C@H](C(=O)O)C(C)C)ccc12
CHEMBL1644425,31000.0,0,4.508638306165727,O=C(NC[C@H]1CC[C@H](C(=O)O)CC1)c1cc(-c2ccc(OC(F)(F)F)cc2)sn1
CHEMBL1644426,140.0,1,6.853871964321763,O=C(NC[C@H]1CC[C@H](C(=O)O)CC1)c1cc(-c2ccc(OC(F)(F)F)cc2)c(F)s1
CHEMBL1644428,85.0,1,7.070581074285707,NC(=O)C[C@@H](NC(=O)c1cc(-c2ccc(OC(F)(F)F)cc2)c(F)s1)c1ccccc1
CHEMBL1644430,24.0,1,7.619788758288393,CC(=O)c1ccc(-c2ccc(-c3cc(C(=O)N[C@H](CC(=O)O)c4ccccc4)sc3F)cc2)cc1
CHEMBL3932562,8.1,1,8.09151498112135,CC(C)[C@H](NS(=O)(=O)c1ccc(-c2cccc(CNC(=O)c3nc4ccccc4c(=O)[nH]3)c2)cc1)C(=O)NO
CHEMBL3971135,16.0,1,7.795880017344076,CC(C)[C@H](NS(=O)(=O)c1ccc(-c2cccc(CNC(=O)c3nc4ccccc4c(=O)[nH]3)c2)cc1)C(=O)O
CHEMBL187523,14.0,1,7.853871964321763,CC(C)[C@H](NS(=O)(=O)c1ccc(-c2ccc(NC(=O)c3cc4ccccc4o3)cc2)cc1)C(=O)O
CHEMBL450549,1050.0,1,5.978810700930063,COC(=O)Nc1cc2oc3ccc(S(=O)(=O)N[C@@H](C(=O)O)C(C)C)cc3c2cc1Br
CHEMBL1796298,10000.0,1,5.0,O=C(NCc1ccncn1)c1ccc(Oc2ccc(C#C[C@]3(O)CN4CCC3CC4)cc2)cc1
CHEMBL1940315,10000.0,1,5.0,O=C(NC1CCCS(=O)(=O)C1)c1ccc(Oc2ccc(C#C[C@]3(O)CN4CCC3CC4)cc2)cc1
CHEMBL1940314,10000.0,1,5.0,O=C(NC1CCS(=O)(=O)CC1)c1ccc(Oc2ccc(C#C[C@]3(O)CN4CCC3CC4)cc2)cc1
CHEMBL584559,62.0,1,7.207608310501746,CC(=O)c1ccc(-c2ccc(CCC(O)CC(=O)O)cc2)cc1
CHEMBL572780,2.7,1,8.568636235841014,COc1ccc(-c2ccc(S(=O)(=O)c3ccccc3C(C)C(=O)NO)cc2)cc1
CHEMBL584147,310.0,1,6.508638306165728,COc1ccc(-c2ccc(S(=O)(=O)c3ccccc3C(C)C(=O)O)cc2)cc1
CHEMBL574589,590.0,1,6.229147988357855,O=C(NO)c1ccccc1S(=O)(=O)c1ccc(-c2ccccc2)cc1
CHEMBL573935,1500.0,1,5.823908740944319,O=C(O)Cc1ccccc1S(=O)(=O)c1ccc(-c2ccccc2)cc1
CHEMBL576762,5800.0,1,5.236572006437063,C[S+]([O-])c1ccc(Oc2ccc(S(=O)(=O)c3ccccc3C(=O)NO)cc2)cc1
CHEMBL575881,410.0,1,6.3872161432802645,CC(C)ON([C@@H](C(=O)O)C(C)C)S(=O)(=O)c1ccc(-c2ccccc2)cc1
CHEMBL1935294,2.9,1,8.537602002101043,CCc1nc(-c2ccc3oc4cc(S(=O)(=O)N[C@H](C(=O)O)C(C)C)ccc4c3c2)no1
CHEMBL572980,11800.0,0,4.928117992693875,O=C(O)CSCCc1ccc(-c2ccccc2)cc1
CHEMBL1935280,0.7,1,9.154901959985743,CC(C)[C@H](NS(=O)(=O)c1ccc2c(c1)oc1ccc(-n3ccc(C(F)(F)F)n3)cc12)C(=O)O
CHEMBL1935283,2.2,1,8.657577319177793,CC(C)[C@H](NS(=O)(=O)c1ccc2c(c1)oc1ccc(N3CCOCC3)cc12)C(=O)O
CHEMBL1935284,0.4,1,9.397940008672037,CC(C)[C@H](NS(=O)(=O)c1ccc2c(c1)oc1ccc(-c3ccoc3)cc12)C(=O)O
CHEMBL1935290,0.4,1,9.397940008672037,CC(C)[C@H](NS(=O)(=O)c1ccc2c(c1)oc1ccc(-c3ccc[nH]3)cc12)C(=O)O
CHEMBL1939876,22000.0,0,4.657577319177793,CCOC(=O)c1cc2cc(-c3cc(C(=O)NCc4ccc(C(=O)O)cc4)nn3C)ccc2[nH]1
CHEMBL1940312,10000.0,1,5.0,CNC(=O)N1CCC(NC(=O)c2ccc(Oc3ccc(C#C[C@]4(O)CN5CCC4CC5)cc3)cc2)CC1
CHEMBL1940311,10000.0,1,5.0,O=C(NC1CCN(C(=O)C2CC2)CC1)c1ccc(Oc2ccc(C#C[C@]3(O)CN4CCC3CC4)cc2)cc1
CHEMBL1940310,10000.0,1,5.0,CC(=O)N1CCC(NC(=O)c2ccc(Oc3ccc(C#C[C@]4(O)CN5CCC4CC5)cc3)cc2)CC1
CHEMBL4207308,10000.0,1,5.0,CCCCC[C@@H](C(=O)NCNC(=O)c1ccc(-c2ccccc2)o1)[C@@H](CC)N(O)C=O
CHEMBL1935296,17.0,1,7.769551078621726,CC(C)[C@H](NS(=O)(=O)c1ccc2c(c1)oc1ccc(-c3noc(C(C)(C)C)n3)cc12)C(=O)O
CHEMBL1935302,7.2,1,8.142667503568731,CC(C)[C@H](NS(=O)(=O)c1ccc2c(c1)oc1ccc(-c3noc(C4CCCCC4)n3)cc12)C(=O)O
CHEMBL3980860,268.0,1,6.571865205971212,O=C1NC(=O)[C@](CNC(=O)[C@@H](Cc2ccc(C(F)(F)F)cc2)C2CC2)(C2CC2)N1
CHEMBL111856,0.24,1,9.619788758288394,O=C(NO)C1(NS(=O)(=O)c2ccc(Oc3ccc(F)cc3)cc2)CCOCC1
CHEMBL4205331,10000.0,1,5.0,CCCCC[C@@H](CN(O)C=O)C(=O)NCNC(=O)c1cc2cccc(OC)c2o1
CHEMBL4214104,502.0,1,6.29929628285498,CC(C)[C@H](NS(=O)(=O)c1ccc2c(c1)oc1ccc(NC(=O)c3ccc(I)cc3)cc12)C(=O)O
CHEMBL366111,0.95,1,9.022276394711152,O=C(NO)[C@@]1(O)COCC[C@H]1S(=O)(=O)c1ccc(OCc2ccc(Cl)cc2Cl)cc1
CHEMBL181878,57.0,1,7.244125144327507,CC(=O)c1ccc(-c2ccc(-c3csc(C(=O)NCCN4CCOCC4)c3)cc2)cc1
CHEMBL492315,3900.0,1,5.4089353929735005,COC(=O)Nc1cc2oc3ccc(S(=O)(=O)N[C@H](C(=O)O)C(C)C)cc3c2cc1Br
CHEMBL474398,2500.0,1,5.6020599913279625,Cc1noc(C)c1S(=O)(=O)Nc1ccc2c(c1)oc1ccc(S(=O)(=O)N[C@@H](C(=O)O)C(C)C)cc12
CHEMBL473610,100.0,1,7.0,CC(C)[C@@H](NS(=O)(=O)c1ccc2oc3cc(NS(=O)(=O)c4ccccc4)ccc3c2c1)C(=O)O
CHEMBL4171886,500000.0,0,3.3010299956639813,CNC(=O)CC[C@H](NS(=O)(=O)c1ccc([N+](=O)[O-])cc1)C(=O)O
CHEMBL4170455,493200.0,0,3.3069769320763065,CC(C)NC(=O)CC[C@H](NS(=O)(=O)c1ccc([N+](=O)[O-])cc1)C(=O)O
CHEMBL4175156,493250.0,0,3.3069329060757715,CCCCCNC(=O)CC[C@H](NS(=O)(=O)c1ccc([N+](=O)[O-])cc1)C(=O)O
CHEMBL1940316,10000.0,1,5.0,O=C(NC1CCS(=O)(=O)C1)c1ccc(Oc2ccc(C#C[C@]3(O)CN4CCC3CC4)cc2)cc1
CHEMBL373275,12480.0,0,4.903785414653594,CCCCCCCCC#Cc1ccc(C(=O)CCC(=O)O)cc1
CHEMBL77995,4.0,1,8.397940008672037,CNC(=O)[C@@H](NC(=O)C(CCc1ccccc1)CP(=O)(O)Cc1ccc(Cc2ccccc2OC)cc1)C(C)(C)C
CHEMBL377700,1140.0,1,5.943095148663526,O=C(O)CC(Cc1ccc(F)cc1)C(=O)c1ccc(C#Cc2ccccc2)cc1
CHEMBL572926,3750.0,1,5.425968732272282,O=C(O)CC(O)CCc1ccc(-c2ccc(OCc3ccccc3)cc2)cc1
CHEMBL4279699,65.0,1,7.187086643357143,CO[C@@H]1O[C@H](CNC(=S)NCCN([C@@H](C(=O)O)C(C)C)S(=O)(=O)c2ccc(-c3ccccc3)cc2)[C@@H](O)[C@H](O)[C@H]1O
CHEMBL4094455,7.0,1,8.154901959985743,C[C@@H](Cc1ccc(C(F)(F)F)cc1)C(=O)NC[C@@]1(C2CC2)NC(=O)NC1=O
CHEMBL569132,2020.0,1,5.6946486305533774,Nc1nc2c(-c3cc(Br)c(Cl)[nH]3)nccc2[nH]1
CHEMBL570917,100000.0,0,4.0,Nc1nc2c(-c3cc(Br)c(-c4cccc(-c5ccccc5)c4)[nH]3)nccc2[nH]1
CHEMBL569118,100000.0,0,4.0,Nc1nc2c(-c3cc(Br)c(-c4ccc(-c5ccccc5)cc4)[nH]3)nccc2[nH]1
CHEMBL571136,10200.0,0,4.991399828238082,Nc1nc2c(-c3cc(CCc4ccccc4)c(Br)[nH]3)nccc2[nH]1
CHEMBL572244,100000.0,0,4.0,Nc1nc2c(-c3[nH]c(Br)c(CCc4ccccc4C(F)(F)F)c3Br)nccc2[nH]1
CHEMBL571388,100000.0,0,4.0,Nc1nc2c(-c3[nH]c(Br)c(CCc4ccc(C(F)(F)F)cc4)c3Br)nccc2[nH]1
CHEMBL1940309,10000.0,1,5.0,CS(=O)(=O)N1CCC(NC(=O)c2ccc(Oc3ccc(C#C[C@]4(O)CN5CCC4CC5)cc3)cc2)CC1
CHEMBL3827735,295.8,1,6.5290018303391255,O=C(CC[C@H](NS(=O)(=O)c1ccc(-c2ccccc2)cc1)C(=O)O)Nc1ccccc1
CHEMBL3827073,53.2,1,7.274088367704952,O=C(CC[C@H](NS(=O)(=O)c1ccc(-c2ccccc2)cc1)C(=O)O)NCc1ccccc1
CHEMBL3827162,52.3,1,7.281498311132727,CCCCCNC(=O)CC[C@H](NS(=O)(=O)c1ccc(-c2ccccc2)cc1)C(=O)O
CHEMBL2205661,48000.0,0,4.318758762624412,CC(C)C[C@H](NC(=O)CNS(=O)(=O)c1ccc(-c2ccccc2)cc1)C(=O)N[C@@H](CCC(=O)O)C(=O)N[C@@H](CCC(=O)O)C(=O)N[C@@H](C)C(N)=O
CHEMBL270083,100000.0,0,4.0,N[C@H]1CCCC[C@H]1NC(=O)P(=O)(O)O
CHEMBL550038,2.0,1,8.698970004336019,CC(C)[C@H](NS(=O)(=O)c1ccc2c(c1)oc1ccc(N3CCOC3=O)cc12)C(=O)O
CHEMBL1935282,18.0,1,7.744727494896693,CC(C)[C@H](NS(=O)(=O)c1ccc2c(c1)oc1ccc(N3CCN(C)CC3)cc12)C(=O)O
CHEMBL3828226,84.0,1,7.075720713938117,O=C(CC[C@H](NS(=O)(=O)c1ccc(-c2ccccc2)cc1)C(=O)O)NCc1ccc(F)cc1
CHEMBL179177,70.0,1,7.154901959985742,Cc1ccc(COC(=O)NC(=O)c2cc(-c3ccc(-c4ccccc4)cc3)cs2)cc1
CHEMBL180875,460.0,1,6.337242168318426,O=C(NCCN1CCOCC1)c1cc(-c2ccc(C3CCCCC3)cc2)cs1
CHEMBL183410,29.0,1,7.5376020021010435,CCOCCC1(Oc2ccc(Oc3ccc(-c4nnco4)cc3)cc2)C(=O)NC(=O)C(N)C1=O
CHEMBL2333287,2100.0,1,5.6777807052660805,COc1ccc(C[C@@H](OC(=O)/C=C/c2ccc(OCc3ccccc3)c(OCc3ccccc3)c2)C(=O)O)cc1OC
CHEMBL3827615,73.2,1,7.135488918941608,O=C(CC[C@H](NS(=O)(=O)c1ccc(-c2ccccc2)cc1)C(=O)O)NC1CCCCC1
CHEMBL147489,59.0,1,7.229147988357855,O=C(NO)C1c2ccc(O)cc2CCN1S(=O)(=O)c1ccc([N+](=O)[O-])cc1
CHEMBL179285,14.0,1,7.853871964321763,O=C(N[C@@H](C(=O)O)c1ccccc1)c1cc(-c2ccc(-c3ccncc3)cc2)cs1
CHEMBL574370,6.0,1,8.221848749616356,O=C(Cc1ccccc1S(=O)(=O)c1ccc(-c2ccccc2)cc1)NO
CHEMBL3394285,100000.0,0,4.0,O=C(/C=C/c1ccc(C(F)(F)F)cc1)NO
CHEMBL199314,25740.0,0,4.589391457431632,O=C(O)CCC(=O)c1ccc(C#CCOCc2ccccc2)cc1
CHEMBL203139,7560.0,1,5.121478204498794,CCC(CC(=O)O)C(=O)c1ccc(C#CCOCc2ccccc2)cc1
CHEMBL2333288,2300.0,1,5.638272163982407,COc1ccc(C[C@H](OC(=O)/C=C/c2ccc(OCc3ccccc3)c(OCc3ccccc3)c2)C(=O)O)cc1OC
CHEMBL460725,5000.0,1,5.301029995663981,Nc1c(N2CCc3ccc(CNC(=O)c4nc5sc6c(c5c(=O)[nH]4)CCS(=O)(=O)C6)cc3C2)c(=O)c1=O
CHEMBL1788203,42.0,1,7.376750709602098,CCCC[C@H](CC(=O)NO)S(=O)(=O)c1ccccc1
CHEMBL3926071,540.0,1,6.267606240177032,CCOCCC1(Oc2ccc(-c3cccc(CNC(=O)c4nc5ccccc5c(=O)[nH]4)c3)cc2)C(=O)NC(=O)NC1=O
CHEMBL2435340,18.0,1,7.744727494896693,O=C(NCc1ccc(-c2ccccc2)cc1)c1cccc(=O)n1O
CHEMBL567893,5000.0,1,5.301029995663981,COC(=O)[C@@H]1CCCN1C(=O)[C@@H](Cc1ccccc1)N(C)C(=O)[C@H](C)NC(=O)[C@@H](NC(=O)C[C@H](O)[C@H](CC(C)C)NC(=O)[C@H](CC(N)=O)NC(=O)[C@H](CC(C)C)NC(=O)[C@H](OC(=O)[C@@H](OC(=O)[C@H](C(C)C)N(C)C)C(C)C)C(C)C)[C@@H](C)O
CHEMBL118497,2.6,1,8.585026652029184,C[C@@H](C[C@@H](COC(=O)CCC(=O)O)NC(=O)c1ccc(Oc2ccccc2)cc1)C(=O)NO
CHEMBL298647,100000.0,0,4.0,O=C(CN1Cc2c(Cl)cccc2NC1=O)NO
CHEMBL574445,54400.0,0,4.2644011003018205,CC(=O)OC(CCc1ccc(-c2ccccc2)cc1)CC(=O)O
CHEMBL575320,58.0,1,7.236572006437062,CSc1ccc(-c2ccc(CCC(O)CC(=O)O)cc2)cc1
CHEMBL574666,3390.0,1,5.4698003017969175,N#Cc1cccc(-c2ccc(CCC(O)CC(=O)O)cc2)c1
CHEMBL116944,3.5,1,8.455931955649724,C[C@@H](C[C@@H](CO)NC(=O)c1ccc(Oc2ccccc2)cc1)C(=O)NO
CHEMBL230084,100000.0,0,4.0,CNc1nc2c(-c3cc(Br)c(Br)[nH]3)nccc2n1C
CHEMBL231012,100000.0,0,4.0,Nc1nc2c(-c3cc(Br)c[nH]3)nccc2[nH]1
CHEMBL1644423,400.0,1,6.3979400086720375,O=C(NC[C@H]1CC[C@H](C(=O)O)CC1)c1cc(-c2ccc(OC(F)(F)F)cc2)cs1
CHEMBL4160618,100100.0,0,3.999565922520681,NC(=O)CC[C@H](NS(=O)(=O)c1ccc([N+](=O)[O-])cc1)C(=O)O
CHEMBL4167291,500000.0,0,3.3010299956639813,CC(C)CNC(=O)CC[C@H](NS(=O)(=O)c1ccc([N+](=O)[O-])cc1)C(=O)O
CHEMBL583588,86.0,1,7.0655015487564325,N#Cc1ccc(-c2ccc(CCC(O)CC(=O)O)cc2)cc1
CHEMBL178652,180.0,1,6.7447274948966935,O=C(N[C@@H](C(=O)O)c1ccccc1)c1cc(-c2ccc(OC(F)(F)F)cc2)cs1
CHEMBL199666,200.0,1,6.698970004336019,CCCCCCC(CC(=O)O)C(=O)c1ccc(C#Cc2ccc(Cl)cc2)cc1
CHEMBL570310,87.0,1,7.0604807473813835,CC(C)[C@@H](NS(=O)(=O)c1ccc2sc3ccccc3c2c1)C(=O)O
CHEMBL549970,7300.0,1,5.136677139879544,COC(=O)Nc1ccc2c(c1)sc1ccc(S(=O)(=O)N[C@H](C(=O)O)C(C)C)cc12
CHEMBL561312,0.4,1,9.397940008672037,COC(=O)Nc1ccc2sc3cc(S(=O)(=O)N[C@H](C(=O)O)C(C)C)ccc3c2c1
CHEMBL559585,29.0,1,7.5376020021010435,COC(=O)Nc1ccc2c(c1)sc1cc(S(=O)(=O)N[C@@H](C(=O)O)C(C)C)ccc12
CHEMBL550562,11.1,1,7.954677021213343,COC(=O)Nc1ccc2c(c1)oc1cc(S(=O)(=O)N[C@@H](C(=O)O)C(C)C)ccc12
CHEMBL550907,20.2,1,7.6946486305533774,CC(C)COC(=O)Nc1ccc2c(c1)sc1cc(S(=O)(=O)N[C@H](C(=O)O)C(C)C)ccc12
CHEMBL563407,6.1,1,8.214670164989233,C#CCCOC(=O)Nc1ccc2c(c1)sc1cc(S(=O)(=O)N[C@H](C(=O)O)C(C)C)ccc12
CHEMBL562114,28.0,1,7.552841968657781,CC(C)[C@H](NS(=O)(=O)c1ccc2c(c1)sc1cc(NC(=O)Oc3ccc(F)cc3)ccc12)C(=O)O
CHEMBL553918,17.0,1,7.769551078621726,CC(C)[C@H](NS(=O)(=O)c1ccc2c(c1)oc1cc(N)ccc12)C(=O)O
CHEMBL187092,1.0,1,9.0,C[C@@]1(O)CCCN(S(=O)(=O)c2ccc(OCc3ccc(F)cc3Cl)cc2)[C@H]1C(=O)NO
CHEMBL77163,1.6980000000000002,1,8.770062314092065,CNC(=O)[C@@H](NC(=O)C(CCc1ccc(Cl)cc1)CP(=O)(O)Cc1ccc(Cc2ccccc2)cc1)C(C)(C)C
CHEMBL4217377,8.5,1,8.070581074285707,CC(C)[C@H](NS(=O)(=O)c1ccc2c(c1)oc1ccc(NC(=O)Oc3ccc(I)cc3)cc12)C(=O)O
CHEMBL3972836,71.0,1,7.1487416512809245,CC(C)(Cc1ccc(C(F)(F)F)cc1)C(=O)NC[C@@]1(C2CC2)NC(=O)NC1=O
CHEMBL4072836,26.0,1,7.585026652029183,CC[C@H](Cc1ccc(C(F)(F)F)cc1)C(=O)NC[C@@]1(C2CC2)NC(=O)NC1=O
CHEMBL4215581,10000.0,1,5.0,COc1cccc2cc(C(=O)NCNC(=O)CCN(O)C=O)oc12
CHEMBL3355722,2.0,1,8.698970004336019,CC(C)C[C@H](CC(=O)NO)C(=O)N[C@@H](Cc1ccccc1)C(=O)N[C@@H](CCCCN)C(N)=O
CHEMBL290377,8.2,1,8.086186147616283,CNC(=O)[C@@H](NC(=O)C(CCc1ccccc1)CP(=O)(O)Cc1ccc(Cc2ccccc2)cc1)C(C)(C)C
CHEMBL473841,25000.0,0,4.6020599913279625,CN(CC(=O)NC(c1cccc([N+](=O)[O-])c1)c1cc(Cl)c2cccnc2c1O)c1ccccc1
CHEMBL182038,100.0,1,7.0,O=C(NCCN1CCOCC1)c1cc(-c2ccc(-c3ccncc3)cc2)cs1
CHEMBL367148,400.0,1,6.3979400086720375,Cc1ccc(COC(=O)NC(=O)c2cc(-c3ccc(OC(F)(F)F)cc3)cs2)cc1
CHEMBL179287,8300.0,1,5.080921907623925,O=C(N[C@H](C(=O)O)c1ccccc1)c1cc(-c2ccc(OC(F)(F)F)cc2)cs1
CHEMBL241405,2750.0,1,5.560667306169737,COC(=O)[C@@H](Cc1ccc(O)c(O)c1)OC(=O)/C=C/c1ccc(O)c(O)c1
CHEMBL3955430,260.0,1,6.585026652029183,O=C(NCc1cccc(N2CCN(C(=O)Cc3n[nH]c(=O)[nH]3)CC2)c1)c1nc2ccccc2c(=O)[nH]1
CHEMBL485690,5000000.0,0,2.3010299956639813,Cc1nc(-c2ccc3c(c2)CCC(=O)N3)cs1
CHEMBL503690,1000000.0,0,3.0,Cn1cc2c(n1)-c1cc(Cl)ccc1SC2
CHEMBL3827640,246.6,1,6.608006927740287,CC(C)CNC(=O)CC[C@H](NS(=O)(=O)c1ccc(-c2ccccc2)cc1)C(=O)O
CHEMBL523034,2.0,1,8.698970004336019,COC(=O)Nc1ccc2oc3cc(S(=O)(=O)N[C@H](C(=O)O)C(C)C)ccc3c2c1
CHEMBL552376,4400.0,1,5.356547323513811,CC(C)[C@@H](NS(=O)(=O)c1ccc2sc3cc(NS(C)(=O)=O)ccc3c2c1)C(=O)O
CHEMBL562850,60.0,1,7.221848749616356,CC(C)[C@@H](NS(=O)(=O)c1ccc2c(c1)sc1ccc(NS(C)(=O)=O)cc12)C(=O)O
CHEMBL574605,6.0,1,8.221848749616356,CC(C(=O)NO)c1ccccc1S(=O)(=O)c1ccc(-c2ccccc2)cc1
CHEMBL573714,32.0,1,7.494850021680094,COc1ccc(S(=O)(=O)c2ccccc2CC(=O)NO)cc1
CHEMBL575896,1200.0,1,5.920818753952375,O=C(NO)c1ccccc1S(=O)(=O)c1ccc(Oc2ccccc2)cc1
CHEMBL579068,1900.0,1,5.721246399047171,CC(C(=O)O)c1ccccc1S(=O)(=O)c1ccc(-c2ccccc2)cc1
CHEMBL585376,89000.0,0,4.050609993355087,COc1ccc(S(=O)(=O)c2ccccc2CC(=O)O)cc1
CHEMBL179288,0.2,1,9.69897000433602,CC(C)ON([C@@H](C(=O)NO)C(C)C)S(=O)(=O)c1ccc(-c2ccccc2)cc1
CHEMBL572979,7840.0,1,5.105683937315562,O=C(O)CC(=O)CCc1ccc(-c2ccccc2)cc1
CHEMBL566512,1150.0,1,5.939302159646387,O=C(O)CC(O)CCc1ccc(-c2ccc3c(c2)Cc2ccccc2-3)cc1
CHEMBL236523,1700.0,1,5.769551078621726,CCCc1ccc2c(c1)NC(=O)C21NN=C(c2ccc(OC)cc2)S1
CHEMBL201298,450.0,1,6.346787486224656,CCCCCCC(CC(=O)O)C(=O)c1ccc(C#Cc2ccccc2)cc1
CHEMBL4291062,18.0,1,7.744727494896693,CC(=O)N[C@H]1[C@H](NC(=S)NCCN([C@@H](C(=O)O)C(C)C)S(=O)(=O)c2ccc(-c3ccccc3)cc2)O[C@H](COC(C)=O)[C@@H](OC(C)=O)[C@@H]1OC(C)=O
CHEMBL4282436,9600.0,1,5.017728766960432,CC(=O)OC[C@H]1O[C@@H](N([C@@H](C(=O)O)C(C)C)S(=O)(=O)c2ccc(-c3ccccc3)cc2)[C@H](OC(C)=O)[C@@H](OC(C)=O)[C@@H]1OC(C)=O
CHEMBL4286237,41.0,1,7.387216143280264,CO[C@@H]1O[C@H](CN([C@@H](C(=O)O)C(C)C)S(=O)(=O)c2ccc(-c3ccccc3)cc2)[C@@H](O)[C@H](O)[C@H]1NC(C)=O
CHEMBL402436,540.0,1,6.267606240177032,CSc1nc2ccccc2n1Cc1ccc(C(=O)N[C@@H]2CN(C(=O)OC(C)(C)C)C[C@@H]2C(=O)NO)cc1
CHEMBL1939844,66.0,1,7.180456064458133,COc1ccc(S(=O)(=O)N2CC(=O)N(O)C(=O)[C@H]2C(C)C)cc1
CHEMBL1935304,0.3,1,9.522878745280336,CC(C)[C@H](NS(=O)(=O)c1ccc2c(c1)oc1ccc(-c3noc(C4CCOC4)n3)cc12)C(=O)O
CHEMBL1935281,23.0,1,7.638272163982407,CC(C)[C@H](NS(=O)(=O)c1ccc2c(c1)oc1ccc(N3CCNCC3)cc12)C(=O)O
CHEMBL1935287,0.2,1,9.69897000433602,CC(C)[C@H](NS(=O)(=O)c1ccc2c(c1)oc1ccc(-c3cccs3)cc12)C(=O)O
CHEMBL1935289,1.0,1,9.0,CC(C)[C@H](NS(=O)(=O)c1ccc2c(c1)oc1ccc(-c3cc[nH]n3)cc12)C(=O)O
CHEMBL1935278,13.0,1,7.886056647693162,CC(C)[C@H](NS(=O)(=O)c1ccc2c(c1)oc1ccc(-n3cncn3)cc12)C(=O)O
CHEMBL1935285,0.1,1,10.0,Cc1ccc(-c2ccc3oc4cc(S(=O)(=O)N[C@H](C(=O)O)C(C)C)ccc4c3c2)o1
CHEMBL4294130,84.0,1,7.075720713938117,CO[C@@H]1O[C@H](CN([C@@H](C(=O)O)C(C)C)S(=O)(=O)c2ccc(-c3ccccc3)cc2)[C@@H](OC(C)=O)[C@H](OC(C)=O)[C@H]1OC(C)=O
CHEMBL4081997,467.0,1,6.330683119433888,NCCNS(=O)(=O)c1ccc(-c2ccc(CSc3nc4c(c(=O)[nH]3)CCC4)cc2)cc1
CHEMBL1940313,10000.0,1,5.0,O=C(NC1CCN(C2CC2)CC1)c1ccc(Oc2ccc(C#C[C@]3(O)CN4CCC3CC4)cc2)cc1
CHEMBL299946,100000.0,0,4.0,O=C(CN1Cc2c(Cl)cccc2NS1(=O)=O)NO
CHEMBL250069,71000.0,0,4.1487416512809245,O=C(OCc1cccc(Oc2ccccc2)c1)c1cccc(S)n1
CHEMBL442286,87000.0,0,4.060480747381382,O=C(OC1CCCCC1)c1cccc(S)n1
CHEMBL404205,146000.0,0,3.835647144215563,CC(C)OC(=O)c1cccc(S)n1
CHEMBL253374,65000.0,0,4.187086643357143,O=C(OCc1ccc(F)cc1)c1cccc(=O)[nH]1
CHEMBL253372,82000.0,0,4.086186147616283,O=C(OCCCCOc1ccccc1)c1cccc(=O)[nH]1
CHEMBL4218334,400.0,1,6.3979400086720375,CCCCC[C@H](CN(O)C=O)C(=O)NCNC(=O)c1cc2cccc(OC)c2o1
CHEMBL4218229,4000.0,1,5.3979400086720375,COc1cccc2cc(C(=O)NCNC(=O)[C@H](Cc3ccccc3)CN(O)C=O)oc12
CHEMBL12318,121000.0,0,3.9172146296835497,O=P(O)(O)C(Cl)(Cl)P(=O)(O)O
CHEMBL4206329,250.0,1,6.6020599913279625,COc1ccc(-c2ccc(Sc3ccccc3CP(=O)(O)O)cc2)cc1
CHEMBL4216008,7500.0,1,5.1249387366083,COc1ccc(-c2ccc(S(=O)(=O)c3ccccc3CC(=O)NS(=O)(=O)C(F)(F)F)cc2)cc1
CHEMBL400357,150000.0,0,3.823908740944319,c1ccc(Cn2nnc(Cc3cccnc3)n2)cc1
CHEMBL4163839,95200.0,0,4.021363051615525,O=C(CC[C@H](NS(=O)(=O)c1ccc([N+](=O)[O-])cc1)C(=O)O)NCc1ccccc1
CHEMBL492531,6.2,1,8.207608310501746,CC(C)[C@H](NS(=O)(=O)c1ccc2c(c1)oc1ccc(NC(=O)Oc3ccc(F)cc3)cc12)C(=O)O
CHEMBL230194,100000.0,0,4.0,Nc1nc2c(-c3ccc[nH]3)nccc2[nH]1
CHEMBL395799,100000.0,0,4.0,Nc1nc2c(-c3ccc(Br)[nH]3)nccc2[nH]1
CHEMBL1335679,290.0,1,6.537602002101044,O=C(O)CNS(=O)(=O)c1ccc(-c2ccccc2)cc1
CHEMBL147881,57.0,1,7.244125144327507,O=C(NO)C1c2ccc(OCc3ccccc3)cc2CCN1S(=O)(=O)c1ccccc1
CHEMBL449228,38.0,1,7.420216403383191,CC(C)[C@@H](NS(=O)(=O)c1ccc2oc3ccccc3c2c1)C(=O)O
CHEMBL523035,5.0,1,8.301029995663981,CCOC(=O)Nc1ccc2oc3cc(S(=O)(=O)N[C@H](C(=O)O)C(C)C)ccc3c2c1
CHEMBL146289,421.0,1,6.375717904164333,O=C(NO)C1c2ccc(O)cc2CCN1S(=O)(=O)c1ccccc1
CHEMBL562373,9.0,1,8.045757490560675,COC(=O)Nc1ccc2c(c1)sc1cc(S(=O)(=O)N[C@H](C(=O)O)C(C)C)ccc12
CHEMBL549756,36.3,1,7.440093374963888,Cc1ccc(OC(=O)Nc2ccc3c(c2)sc2cc(S(=O)(=O)N[C@H](C(=O)O)C(C)C)ccc23)cc1
CHEMBL552313,44.0,1,7.356547323513813,CC(C)[C@H](NS(=O)(=O)c1ccc2c(c1)sc1cc(N3CCOC3=O)ccc12)C(=O)O
CHEMBL475231,170.0,1,6.769551078621726,CC(C)[C@H](NS(=O)(=O)c1ccc2oc3cc(NS(C)(=O)=O)ccc3c2c1)C(=O)O
CHEMBL474457,14.0,1,7.853871964321763,CCCOC(=O)Nc1ccc2c(c1)oc1ccc(S(=O)(=O)N[C@@H](C(=O)O)C(C)C)cc12
CHEMBL2047537,20000.0,0,4.698970004336019,Cc1c(C(=O)O)ccc2c1CC[C@@H]2NC(=O)c1cc(C(=O)NCc2ccc(F)c(C(F)(F)F)c2)nc2c(F)cnn12
CHEMBL2409699,2.0,1,8.698970004336019,CCOc1ccc(OC2CCN(S(=O)(=O)C[C@@]3(C)NC(=O)NC3=O)CC2)cc1
CHEMBL4285838,40.0,1,7.397940008672037,CC(=O)N[C@H]1[C@H](NC(=S)NCCN([C@@H](C(=O)O)C(C)C)S(=O)(=O)c2ccc(-c3ccccc3)cc2)O[C@H](CO)[C@@H](O)[C@@H]1O
CHEMBL358539,57.0,1,7.244125144327507,COc1ccc(S(=O)(=O)N2CCc3cc(OCc4ccccc4)ccc3C2C(=O)NO)cc1
CHEMBL148214,20.0,1,7.698970004336019,COc1ccc(S(=O)(=O)N2CCc3cc(O)c(OC)cc3C2C(=O)NO)cc1
CHEMBL230196,100000.0,0,4.0,Cn1c(-c2nccc3[nH]c(N)nc23)cc(Br)c1Br
CHEMBL2409710,5.9,1,8.229147988357855,C[C@]1(CS(=O)(=O)N2CCC(Oc3ccc(C(F)(F)F)cc3)CC2)NC(=O)NC1=O
CHEMBL4213983,510.0,1,6.292429823902062,COc1ccc(-c2ccc(S(=O)(=O)c3ccccc3C(CCC(=O)O)C(=O)O)cc2)cc1
CHEMBL523357,10.2,1,7.991399828238082,CC(C)[C@H](NS(=O)(=O)c1ccc2c(c1)oc1ccc(NC(=O)Oc3ccccc3)cc12)C(=O)O
CHEMBL523001,7.6,1,8.119186407719209,CC(C)[C@H](NS(=O)(=O)c1ccc2c(c1)oc1ccc(NC(N)=O)cc12)C(=O)O
CHEMBL492952,5.0,1,8.301029995663981,CC(C)[C@H](NS(=O)(=O)c1ccc2c(c1)oc1ccc(NC(=O)NC3CCCC3)cc12)C(=O)O
CHEMBL523683,0.9,1,9.045757490560677,CC(C)[C@H](NS(=O)(=O)c1ccc2c(c1)oc1ccc(NC(=O)Nc3ccsc3)cc12)C(=O)O
CHEMBL494529,4.7,1,8.327902142064282,CC(C)COC(=O)Nc1ccc2oc3cc(S(=O)(=O)N[C@H](C(=O)O)C(C)C)ccc3c2c1
CHEMBL493356,1.1,1,8.958607314841776,CC(C)[C@H](NS(=O)(=O)c1ccc2c(c1)oc1ccc(NC(=O)NCCc3cccs3)cc12)C(=O)O
CHEMBL492314,45.0,1,7.346787486224656,CC(C)[C@@H](NS(=O)(=O)c1ccc2oc3cc(NC(=O)Oc4ccccc4)ccc3c2c1)C(=O)O
CHEMBL147882,29.0,1,7.5376020021010435,Cc1ccc(S(=O)(=O)N2CCc3cc(O)ccc3C2C(=O)NO)cc1
CHEMBL1644427,200.0,1,6.698970004336019,O=C(O)C[C@@H](NC(=O)c1cc(-c2ccc(OC(F)(F)F)cc2)c(F)s1)c1ccccc1
CHEMBL1644429,7.0,1,8.154901959985743,CC(=O)c1ccc(-c2ccc(-c3cc(C(=O)NC[C@H]4CC[C@H](C(=O)O)CC4)sc3F)cc2)cc1
CHEMBL1644431,13.0,1,7.886056647693162,O=C(O)C[C@@H](NC(=O)c1cc(-c2ccc(-c3ccncc3)cc2)c(F)s1)c1ccccc1
CHEMBL424130,170.0,1,6.769551078621726,O=C(NO)C1c2ccc(O)cc2CCN1S(=O)(=O)c1cc(Cl)ccc1Cl
CHEMBL368013,400.0,1,6.3979400086720375,O=C(NCCN1CCOCC1)c1cc(-c2ccc(-c3ccccc3)cc2)cs1
CHEMBL181817,400.0,1,6.3979400086720375,CC1CCC(OC(=O)NC(=O)c2cc(-c3ccc(OC(F)(F)F)cc3)cs2)CC1
CHEMBL270296,100000.0,0,4.0,N[C@@H]1CCCC[C@H]1NC(=O)P(=O)(O)O
CHEMBL1957606,19.0,1,7.721246399047171,O=C(NO)[C@@H]1CS(=O)(=O)CN1S(=O)(=O)c1ccc(Oc2ccc(Cl)cc2)cc1
CHEMBL399999,93000.0,0,4.031517051446064,O=C(Oc1ccsc1)c1cccc(S)n1
CHEMBL253835,99000.0,0,4.00436480540245,O=C(OCc1cccc(-c2ccccc2)c1)c1cccc(=O)[nH]1
CHEMBL254838,71000.0,0,4.1487416512809245,O=C(OC1CCCCC1)c1cccc(=O)[nH]1
CHEMBL254627,67000.0,0,4.173925197299174,CC(C)=CCOC(=O)c1cccc(=O)[nH]1
CHEMBL250057,112000.0,0,3.9507819773298185,O=C(OCc1ccc(F)cc1)c1cccc(S)n1
CHEMBL254039,65000.0,0,4.187086643357143,O=C(Oc1cccs1)c1cccc(=O)[nH]1
CHEMBL400358,150000.0,0,3.823908740944319,c1ccc(CCCn2nnc(Cc3cccnc3)n2)cc1
CHEMBL398662,94000.0,0,4.026872146400302,O=C(OCc1ccc(C(F)(F)F)cc1)c1cccc(S)n1
CHEMBL254240,31000.0,0,4.508638306165727,O=C(OCc1cccc(Br)c1)c1cccc(=O)[nH]1
CHEMBL398892,16000.0,0,4.795880017344076,O=C(OCc1cccc(F)c1)c1cccc(=O)[nH]1
CHEMBL1935286,0.1,1,10.0,CC(C)[C@H](NS(=O)(=O)c1ccc2c(c1)oc1ccc(-c3ccc(Cl)o3)cc12)C(=O)O
CHEMBL571601,100000.0,0,4.0,Nc1nc2c(-c3[nH]c(Br)c(CCc4cccc(C(F)(F)F)c4)c3Br)nccc2[nH]1
CHEMBL571149,100000.0,0,4.0,Cc1cc(-c2nccc3[nH]c(N)nc23)[nH]c1Br
CHEMBL571072,5020.0,1,5.29929628285498,Nc1nc2c(-c3cc(Cl)c(Cl)[nH]3)nccc2[nH]1
CHEMBL356124,7689.0,1,5.114130139096092,COc1ccc(S(=O)(=O)N2CCc3cc(O)ccc3C2C(=O)NO)cc1
CHEMBL1427458,100000.0,0,4.0,Cc1ccc(Oc2ccc(C(=O)NCc3ccncc3)cc2)cc1
CHEMBL583670,100000.0,0,4.0,Nc1nc2c(-c3cc(CCCc4ccccc4)c(Br)[nH]3)nccc2[nH]1
CHEMBL576710,5020.0,1,5.29929628285498,Cc1c(Br)[nH]c(-c2nccc3[nH]c(N)nc23)c1Br
CHEMBL399998,150000.0,0,3.823908740944319,c1cncc(Cc2nn[nH]n2)c1
CHEMBL250058,127000.0,0,3.8961962790440428,O=C(OCc1c(F)cccc1F)c1cccc(S)n1
CHEMBL252326,68000.0,0,4.167491087293763,CCCCCOC(=O)c1cccc(=O)[nH]1
CHEMBL398838,62000.0,0,4.207608310501746,O=C(Oc1ccsc1)c1cccc(=O)[nH]1
CHEMBL254038,118000.0,0,3.9281179926938745,O=C(OCc1cccc(Oc2ccccc2)c1)c1cccc(=O)[nH]1
CHEMBL253172,105000.0,0,3.9788107009300617,COc1ccc(COC(=O)c2cccc(=O)[nH]2)cc1
CHEMBL254006,82000.0,0,4.086186147616283,O=C(OCc1cccc(C(F)(F)F)c1)c1cccc(=O)[nH]1
CHEMBL251937,51000.0,0,4.292429823902062,O=C(OC1CCC1)c1cccc(=O)[nH]1
CHEMBL252965,69000.0,0,4.1611509092627434,COc1cccc(COC(=O)c2cccc(=O)[nH]2)c1
CHEMBL551655,50.0,1,7.301029995663981,CC(C)[C@H](NS(=O)(=O)c1ccc2c(c1)sc1ccc(NS(C)(=O)=O)cc12)C(=O)O
CHEMBL550984,25.0,1,7.602059991327962,CC(C)[C@H](NS(=O)(=O)c1ccc2c(c1)sc1cc(NC(=O)Oc3ccccc3)ccc12)C(=O)O
CHEMBL564897,1000.0,1,6.0,CC(C)[C@H](NS(=O)(=O)c1ccc2c(c1)sc1cc(NC(=O)NC3CCCC3)ccc12)C(=O)O
CHEMBL550786,1470.0,1,5.832682665251824,CC(C)[C@@H](NS(=O)(=O)c1ccc2c(c1)sc1cc(NC(=O)Nc3ccccc3)ccc12)C(=O)O
CHEMBL1935295,4.5,1,8.346787486224656,CC(C)c1nc(-c2ccc3oc4cc(S(=O)(=O)N[C@H](C(=O)O)C(C)C)ccc4c3c2)no1
CHEMBL249860,150000.0,0,3.823908740944319,C1=C(n2cc(C3=NCCO3)nn2)CCCC1
CHEMBL252522,117000.0,0,3.9318141382538383,O=C(OCCc1ccccc1)c1cccc(S)n1
CHEMBL253823,46000.0,0,4.337242168318426,O=C(OCc1cccc(Cl)c1)c1cccc(=O)[nH]1
CHEMBL394363,43600.0,0,4.360513510731414,Brc1cc(-c2nccc3[nH]cnc23)[nH]c1Br
CHEMBL394362,56900.0,0,4.244887733604929,Cn1c(N)nc2c(-c3cc(Br)c(Br)[nH]3)nccc21
CHEMBL583771,3530.0,1,5.452225294612178,COC(CCc1ccc(-c2ccccc2)cc1)CC(=O)O
CHEMBL575534,55.0,1,7.259637310505756,O=C(O)CC(O)CCc1ccc(-c2ccncc2)cc1
CHEMBL575946,20100.0,0,4.696803942579512,O=C(O)CC(O)CCc1ccc(-c2ccc3c(c2)oc2ccccc23)cc1
CHEMBL508461,14.0,1,7.853871964321763,O=C(O)C[C@@H](NC(=O)c1cc(-c2ccc(-c3ccncc3)cc2)cs1)c1ccccc1
CHEMBL584365,4.8,1,8.318758762624412,COc1ccc(-c2ccc(S(=O)(=O)c3ccccc3CC(=O)NO)cc2)cc1
CHEMBL1782665,90.0,1,7.045757490560675,O=C(O)Cc1ccc(CNC(=O)c2cc(-c3ccc(-c4ccccc4O)cc3)cs2)cc1
CHEMBL180762,70.0,1,7.154901959985742,Cc1ccc(COC(=O)NC(=O)c2cc(-c3ccc(-c4ccccc4O)cc3)cs2)cc1
CHEMBL263501,12.0,1,7.920818753952375,CCCCC(CC(=O)NO)S(=O)(=O)c1ccccc1
CHEMBL573934,70.0,1,7.154901959985742,COc1ccc(-c2ccc(S(=O)(=O)c3ccccc3C(=O)NO)cc2)cc1
CHEMBL575895,14000.0,0,4.853871964321762,COc1ccc(S(=O)(=O)c2ccccc2C(=O)NO)cc1
CHEMBL1957604,2500.0,1,5.6020599913279625,O=C(NO)[C@@H]1C[S+]([O-])CN1S(=O)(=O)c1ccc(-c2ccccc2)cc1
CHEMBL1957605,500.0,1,6.301029995663981,O=C(NO)[C@@H]1CS(=O)(=O)CN1S(=O)(=O)c1ccc(-c2ccccc2)cc1
CHEMBL4203044,33.0,1,7.481486060122112,COc1ccc(-c2ccc(Sc3ccccc3C3CCC(=O)N(O)C3=O)cc2)cc1
CHEMBL4212208,2100.0,1,5.6777807052660805,COc1ccc(-c2ccc(Sc3ccccc3CC(=O)NS(=O)(=O)C(F)(F)F)cc2)cc1
CHEMBL551190,750.0,1,6.1249387366083,CC(C)[C@H](NS(=O)(=O)c1ccc2sc3ccccc3c2c1)C(=O)O
CHEMBL561310,2900.0,1,5.537602002101044,COC(=O)Nc1ccc2c(c1)sc1ccc(S(=O)(=O)N[C@@H](C(=O)O)C(C)C)cc12
CHEMBL550702,42.0,1,7.376750709602098,CC(C)[C@H](NS(=O)(=O)c1ccc2c(c1)sc1cc(N)ccc12)C(=O)O
CHEMBL4218036,600.0,1,6.221848749616356,COc1ccc(-c2ccc(S(=O)(=O)c3ccccc3CP(=O)(O)O)cc2)cc1
CHEMBL504873,8220.0,1,5.0851281824599495,C[C@@H]1O[C@@H](O[C@H]2[C@H](O)[C@@H](COC(=O)/C=C/c3ccc(O)c(O)c3)O[C@@H](OCCc3ccc(O)c(O)c3)[C@@H]2O)[C@H](O)[C@H](O)[C@H]1O
CHEMBL403186,250.0,1,6.6020599913279625,Cc1nc2ccccc2n1Cc1ccc(C(=O)N[C@@H]2CN(C(=O)OC(C)(C)C)C[C@@H]2C(=O)NO)cc1
CHEMBL237366,22000.0,0,4.657577319177793,COc1ccc(C2=NNC3(S2)C(=O)N(c2ccccc2C)c2ccc(C)cc23)cc1
CHEMBL1935300,1.6,1,8.795880017344075,CC(C)[C@H](NS(=O)(=O)c1ccc2c(c1)oc1ccc(-c3noc(C4CC4)n3)cc12)C(=O)O
CHEMBL2048502,1200.0,1,5.920818753952375,COC(=O)C1(O)CC(OC(=O)/C=C/c2ccc(O)c(O)c2)C(O)C(OC(=O)/C=C/c2ccc(O)c(O)c2)C1
CHEMBL151,980.0,1,6.008773924307505,O=c1cc(-c2ccc(O)c(O)c2)oc2cc(O)cc(O)c12
CHEMBL4763004,47.2,1,7.326058001365912,CC(=O)N[C@@H](COCc1ccccc1)C(=O)N[C@H](CCc1ccccc1)C(=O)N[C@H](Cc1cccc(Cl)c1)C(=O)NO
CHEMBL1939845,19.0,1,7.721246399047171,CC(C)[C@@H]1C(=O)N(O)C(=O)CN1S(=O)(=O)c1ccc(-c2ccccc2)cc1
CHEMBL1935288,0.2,1,9.69897000433602,Cc1ccc(-c2ccc3oc4cc(S(=O)(=O)N[C@H](C(=O)O)C(C)C)ccc4c3c2)s1
CHEMBL1935291,1.0,1,9.0,CC(C)[C@H](NS(=O)(=O)c1ccc2c(c1)oc1ccc(-c3nccs3)cc12)C(=O)O
CHEMBL400850,150000.0,0,3.823908740944319,CCCCCCCn1cc(C2=NCCO2)nn1
CHEMBL428762,150000.0,0,3.823908740944319,C(=C/c1ccccc1)\Cn1nnc(Cc2cccnc2)n1
CHEMBL249859,105000.0,0,3.9788107009300617,CCCCCCOC(=O)c1cccc(S)n1
CHEMBL250070,109000.0,0,3.962573502059376,O=C(OCc1ccc(Oc2ccccc2)cc1)c1cccc(S)n1
CHEMBL251425,135000.0,0,3.8696662315049934,O=C(OCc1ccc(-c2ccccc2)cc1)c1cccc(S)n1
CHEMBL250059,106000.0,0,3.9746941347352296,O=C(OCc1cc(F)c(F)cc1F)c1cccc(S)n1
CHEMBL254611,151000.0,0,3.821023052706831,O=C(OCc1cccc(F)c1)c1cccc(S)n1
CHEMBL254406,78000.0,0,4.107905397309518,COc1cccc(COC(=O)c2cccc(S)n2)c1
CHEMBL402720,82000.0,0,4.086186147616283,O=C(OCc1ccccc1)c1cccc(S)n1
CHEMBL254821,76000.0,0,4.1191864077192095,O=C(Oc1ccco1)c1cccc(=O)[nH]1
CHEMBL398450,56000.0,0,4.251811972993798,O=C(OCc1cc(F)c(F)cc1F)c1cccc(=O)[nH]1
CHEMBL148171,65.0,1,7.187086643357143,COc1cc2c(cc1O)CCN(S(=O)(=O)c1ccccc1)C2C(=O)NO
CHEMBL1935297,5.4,1,8.267606240177031,CC(C)Cc1nc(-c2ccc3oc4cc(S(=O)(=O)N[C@H](C(=O)O)C(C)C)ccc4c3c2)no1
CHEMBL1935279,15.0,1,7.823908740944319,CC(C)[C@H](NS(=O)(=O)c1ccc2c(c1)oc1ccc(-n3cccn3)cc12)C(=O)O
CHEMBL1782664,70.0,1,7.154901959985742,O=C(O)Cc1ccc(CNC(=O)c2cc(-c3ccc(-c4ccccc4)cc3)cs2)cc1
CHEMBL1935298,1.9,1,8.721246399047171,COCc1nc(-c2ccc3oc4cc(S(=O)(=O)N[C@H](C(=O)O)C(C)C)ccc4c3c2)no1
CHEMBL1935299,2.2,1,8.657577319177793,CC(C)[C@H](NS(=O)(=O)c1ccc2c(c1)oc1ccc(-c3noc(C(F)(F)F)n3)cc12)C(=O)O
CHEMBL4207046,3300.0,1,5.481486060122113,COc1ccc(-c2ccc(Sc3ccccc3CC(=O)NS(C)(=O)=O)cc2)cc1
CHEMBL572027,100000.0,0,4.0,Nc1nc2c(-c3[nH]c(Br)c(Cc4ccccc4)c3Br)nccc2[nH]1
CHEMBL582812,100000.0,0,4.0,Nc1nc2c(-c3[nH]c(Br)c(Br)c3CCc3ccccc3)nccc2[nH]1
CHEMBL4213651,3500.0,1,5.455931955649724,COc1ccc(-c2ccc(S(=O)(=O)c3ccccc3CC(=O)NS(C)(=O)=O)cc2)cc1
CHEMBL4202548,230000.0,0,3.638272163982407,COc1ccc(-c2ccc(Sc3ccccc3C(=O)CS(C)(=O)=O)cc2)cc1
CHEMBL515439,600.0,1,6.221848749616356,CC(C)[C@H](NS(=O)(=O)c1ccc2oc3ccccc3c2c1)C(=O)O
CHEMBL475230,11.0,1,7.9586073148417755,CC(C)[C@@H](NS(=O)(=O)c1ccc2oc3cc(NS(C)(=O)=O)ccc3c2c1)C(=O)O
CHEMBL474622,39.0,1,7.4089353929735005,CC(C)OC(=O)Nc1ccc2c(c1)oc1ccc(S(=O)(=O)N[C@@H](C(=O)O)C(C)C)cc12
CHEMBL449325,2000000.0,0,2.6989700043360187,COc1ccc2nc[nH]c2c1
CHEMBL401435,22000.0,0,4.657577319177793,COc1ccc(C2=NNC3(S2)C(=O)N(Cc2ccccc2)c2ccc(C)cc23)cc1
CHEMBL492905,16.0,1,7.795880017344076,CC(C)[C@H](NS(=O)(=O)c1ccc2c(c1)oc1cc(NC(=O)Oc3ccc(F)cc3)ccc12)C(=O)O
CHEMBL552377,2100.0,1,5.6777807052660805,CC(C)[C@H](NS(=O)(=O)c1ccc2sc3cc(NS(C)(=O)=O)ccc3c2c1)C(=O)O
CHEMBL561715,6.3,1,8.200659450546418,CCOC(=O)Nc1ccc2c(c1)sc1cc(S(=O)(=O)N[C@H](C(=O)O)C(C)C)ccc12
CHEMBL576790,100000.0,0,4.0,Cc1[nH]c(-c2nccc3[nH]c(N)nc23)cc1Br
CHEMBL559583,23.1,1,7.636388020107857,CC(C)OC(=O)Nc1ccc2c(c1)sc1cc(S(=O)(=O)N[C@H](C(=O)O)C(C)C)ccc12
CHEMBL551187,187.0,1,6.7281583934635005,CC(C)[C@H](NS(=O)(=O)c1ccc2c(c1)sc1cc(NC(=O)NCCc3cccs3)ccc12)C(=O)O
CHEMBL564510,89.0,1,7.0506099933550885,CC(C)[C@H](NS(=O)(=O)c1ccc2c(c1)sc1cc(NC(=O)Nc3ccccc3)ccc12)C(=O)O
CHEMBL563343,34.1,1,7.467245621007503,CC(C)[C@H](NS(=O)(=O)c1ccc2c(c1)sc1cc(NC(=O)NCc3ccccc3)ccc12)C(=O)O
CHEMBL571814,100000.0,0,4.0,Nc1nc2c(-c3cc(Br)c(-c4ccccc4)[nH]3)nccc2[nH]1
CHEMBL78001,13.0,1,7.886056647693162,CCCCC(CC(=O)NO)S(=O)(=O)c1ccc2ccccc2c1
CHEMBL571362,18700.0,0,4.7281583934635005,Nc1nc2c(-c3cc(-c4ccccc4)c(Br)[nH]3)nccc2[nH]1
CHEMBL572947,4500.0,1,5.346787486224656,O=C(O)C[S+]([O-])CCc1ccc(-c2ccccc2)cc1
CHEMBL574444,181.0,1,6.742321425130816,O=C(O)CC(O)CCc1ccc(-c2cc3ccccc3o2)cc1
CHEMBL447787,390.0,1,6.4089353929735005,CC(C)c1nc2ccccc2n1Cc1ccc(C(=O)N[C@@H]2CN(C(=O)OC(C)(C)C)C[C@@H]2C(=O)NO)cc1
CHEMBL475619,70.0,1,7.154901959985742,CC(C)[C@H](NS(=O)(=O)c1ccc2c(c1)oc1ccc(NS(=O)(=O)CC(F)(F)F)cc12)C(=O)O
CHEMBL497985,564.0,1,6.248720896016657,CN1CC2(CC2)C[C@H](C(=O)NO)[C@H]1C(=O)N1CCN(c2ccc(C(F)(F)F)cn2)CC1
CHEMBL253275,8000.0,1,5.096910013008057,O=C(N[C@@H]1CCOC[C@@H]1C(=O)NO)c1ccc(Cn2c(C(F)(F)F)nc3ccccc32)cc1
CHEMBL474456,7.2,1,8.142667503568731,COC(=O)Nc1ccc2c(c1)oc1ccc(S(=O)(=O)N[C@@H](C(=O)O)C(C)C)cc12
CHEMBL523670,14.0,1,7.853871964321763,Cc1ccc(OC(=O)Nc2ccc3oc4cc(S(=O)(=O)N[C@H](C(=O)O)C(C)C)ccc4c3c2)cc1
CHEMBL474397,50.0,1,7.301029995663981,CC(C)[C@@H](NS(=O)(=O)c1ccc2oc3cc(NS(=O)(=O)C(C)C)ccc3c2c1)C(=O)O
CHEMBL201206,600.0,1,6.221848749616356,O=C(O)CC(Cc1ccccc1)C(=O)c1ccc(C#Cc2ccccc2)cc1
CHEMBL203199,24690.0,0,4.607478910068068,O=C(O)CCC(=O)c1ccc(C#CCO)cc1
CHEMBL379247,320.0,1,6.494850021680094,O=C(O)CC(CC1CCCC1)C(=O)c1ccc(C#Cc2ccccc2)cc1
CHEMBL202875,480.0,1,6.3187587626244115,CCC(CC(=O)O)C(=O)c1ccc(C#Cc2ccccc2)cc1
CHEMBL2048508,1740.0,1,5.7594507517174005,O=C1c2c(O)cc(O)cc2O[C@H](c2cc(O)c(O)c(O)c2)[C@@H]1O
CHEMBL66,5750.0,1,5.2403321553103694,O=C1c2c(O)cc(O)cc2O[C@H](c2ccc(O)c(O)c2)[C@H]1O
CHEMBL566511,2490.0,1,5.603800652904264,O=C(O)CS(=O)(=O)CCc1ccc(-c2ccccc2)cc1
CHEMBL575947,19900.0,0,4.7011469235902945,O=C(O)CC(O)CCc1ccc(-c2ccc(Oc3ccccc3)cc2)cc1
CHEMBL579067,380.0,1,6.420216403383191,COc1ccc(Oc2ccc(S(=O)(=O)c3ccccc3CC(=O)O)cc2)cc1
CHEMBL561311,1.8,1,8.744727494896694,COC(=O)Nc1ccc2sc3cc(S(=O)(=O)N[C@@H](C(=O)O)C(C)C)ccc3c2c1
CHEMBL562374,100.1,1,6.9995659225206825,CCOC(=O)Nc1ccc2c(c1)sc1cc(S(=O)(=O)N[C@@H](C(=O)O)C(C)C)ccc12
CHEMBL552175,7.6,1,8.119186407719209,CC(C)[C@H](NS(=O)(=O)c1ccc2c(c1)sc1cc(NC(=O)OCCS(C)(=O)=O)ccc12)C(=O)O
CHEMBL551110,260.0,1,6.585026652029183,CCNC(=O)Nc1ccc2c(c1)sc1cc(S(=O)(=O)N[C@H](C(=O)O)C(C)C)ccc12
CHEMBL493750,6.6,1,8.180456064458129,CC(C)[C@H](NS(=O)(=O)c1ccc2c(c1)oc1ccc(NC(=O)Oc3ccccc3Cl)cc12)C(=O)O
CHEMBL308277,5.0,1,8.301029995663981,CNC(=O)[C@@H](NC(=O)C(CCc1ccc(Cl)cc1)CP(=O)(O)Cc1ccc(Cc2ccccc2OC)cc1)C(C)(C)C
CHEMBL249862,150000.0,0,3.823908740944319,c1ccc(Cn2cc(C3=NCCO3)nn2)cc1
CHEMBL251423,150000.0,0,3.823908740944319,O=C(Oc1cccc2ccccc12)c1cccc(S)n1
CHEMBL254403,70000.0,0,4.154901959985743,Cc1cccc(COC(=O)c2cccc(S)n2)c1
CHEMBL253188,97000.0,0,4.013228265733755,O=C(Oc1ccc2ccccc2c1)c1cccc(=O)[nH]1
CHEMBL254239,44000.0,0,4.356547323513812,O=C(OCc1ccccc1Br)c1cccc(=O)[nH]1
CHEMBL253820,63000.0,0,4.200659450546418,O=C(OCc1c(F)c(F)c(F)c(F)c1F)c1cccc(=O)[nH]1
CHEMBL399304,100000.0,0,4.0,O=C(OCc1cc(F)ccc1F)c1cccc(=O)[nH]1
CHEMBL253373,68000.0,0,4.167491087293763,O=C(OCc1ccccc1F)c1cccc(=O)[nH]1
CHEMBL253801,69000.0,0,4.1611509092627434,Cc1ccc(COC(=O)c2cccc(=O)[nH]2)cc1
CHEMBL254837,71000.0,0,4.1487416512809245,CC#CCOC(=O)c1cccc(=O)[nH]1
CHEMBL78233,93.0,1,7.031517051446066,CNC(=O)[C@@H](NC(=O)C(CCc1ccccc1)CP(=O)(O)Cc1ccccc1)C(C)(C)C
CHEMBL254448,105000.0,0,3.9788107009300617,O=C(OCc1ccc(Br)cc1)c1cccc(=O)[nH]1
CHEMBL254238,47000.0,0,4.327902142064284,O=C(OCc1ccc(Cl)cc1)c1cccc(=O)[nH]1
CHEMBL253605,31000.0,0,4.508638306165727,O=C(OCc1c(F)cc(F)cc1F)c1cccc(=O)[nH]1
CHEMBL445939,67000.0,0,4.173925197299174,CC(C)OC(=O)c1cccc(=O)[nH]1
CHEMBL249861,150000.0,0,3.823908740944319,CCCCCCn1cc(C2=NCCO2)nn1
CHEMBL400449,17000.0,0,4.769551078621727,O=C(OCc1cc(F)ccc1F)c1cccc(S)n1
CHEMBL254610,78000.0,0,4.107905397309518,O=C(OCCCCOc1ccccc1)c1cccc(S)n1
CHEMBL399684,20000.0,0,4.698970004336019,O=C(OCc1cc(F)cc(F)c1)c1cccc(=O)[nH]1
CHEMBL156406,290.0,1,6.537602002101044,O=C1NC(=O)C(c2ccccc2)N1
CHEMBL485691,355000.0,0,3.4497716469449062,Cc1ccc2c(c1)NC(=O)CO2
CHEMBL251426,52000.0,0,4.2839966563652006,O=C(OCc1cccc(-c2ccccc2)c1)c1cccc(S)n1
CHEMBL399504,111000.0,0,3.9546770212133424,O=C(Oc1cccc2ccccc12)c1cccc(=O)[nH]1
CHEMBL438519,79000.0,0,4.102372908709558,O=C(OCCOc1ccccc1)c1cccc(=O)[nH]1
CHEMBL230806,3660.0,1,5.436518914605589,Nc1nc2ccnc(-c3cc(Br)c(Br)[nH]3)c2[nH]1
CHEMBL395712,10400.0,0,4.982966660701218,CNc1nc2c(-c3cc(Br)c(Br)[nH]3)nccc2[nH]1
CHEMBL249863,150000.0,0,3.823908740944319,c1ccc(CCCn2cc(C3=NCCO3)nn2)cc1
CHEMBL251424,101000.0,0,3.995678626217357,O=C(Oc1ccc2ccccc2c1)c1cccc(S)n1
CHEMBL399997,150000.0,0,3.823908740944319,O=C(OCc1ccccc1Br)c1cccc(S)n1
CHEMBL251081,115000.0,0,3.939302159646388,O=C(OCc1ccc(Cl)cc1)c1cccc(S)n1
CHEMBL399908,96000.0,0,4.017728766960432,COc1ccc(COC(=O)c2cccc(S)n2)cc1
CHEMBL252523,85000.0,0,4.070581074285707,O=C(OCCCc1ccccc1)c1cccc(S)n1
CHEMBL253189,105000.0,0,3.9788107009300617,O=C(OCc1ccc2c(c1)OCO2)c1cccc(=O)[nH]1
CHEMBL399685,68000.0,0,4.167491087293763,O=C(OCc1ccccc1Cl)c1cccc(=O)[nH]1
CHEMBL253375,60000.0,0,4.221848749616356,O=C(OCc1c(F)cccc1F)c1cccc(=O)[nH]1
CHEMBL1162966,64000.0,0,4.1938200260161125,O=C(OCc1ccc(C(F)(F)F)cc1)c1cccc(=O)[nH]1
CHEMBL584122,920.0,1,6.036212172654443,COc1ccc(Oc2ccc(S(=O)(=O)c3ccccc3C(=O)NO)cc2)cc1
CHEMBL2092878,9.0,1,8.045757490560675,CCCC[C@@H](CC(=O)NO)S(=O)(=O)c1ccccc1
CHEMBL147604,931.0,1,6.031050319018657,O=C(NO)C1c2ccc(OCc3ccccc3)cc2CCN1S(=O)(=O)c1cc(Cl)ccc1Cl
CHEMBL4788689,138.2,1,6.85949195696182,CC(=O)N[C@@H](Cc1ccc2ccccc2c1)C(=O)N[C@H](CCc1ccccc1)C(=O)N[C@H](Cc1ccccc1)C(=O)NO
CHEMBL4742155,35.1,1,7.454692883534176,CC(=O)N[C@@H](COCc1ccccc1)C(=O)N[C@H](CCc1ccccc1)C(=O)N[C@H](Cc1ccc(Cl)cc1)C(=O)NO
CHEMBL4764208,30.2,1,7.519993057042849,CC(=O)N[C@@H](COCc1ccccc1)C(=O)N[C@H](CCc1ccccc1)C(=O)N[C@H](Cc1cccc(F)c1)C(=O)NO
CHEMBL4765190,75.9,1,7.11975822410452,CC(=O)N[C@@H](COCc1ccccc1)C(=O)N[C@H](CCc1ccccc1)C(=O)N[C@H](Cc1ccc(F)c(F)c1F)C(=O)NO
CHEMBL492904,10.0,1,8.0,CC(C)[C@H](NS(=O)(=O)c1ccc2c(c1)oc1cc(NC(=O)OCCF)ccc12)C(=O)O
CHEMBL434567,17.0,1,7.769551078621726,COC(=O)N1CC2(CC2)C[C@H](C(=O)NO)[C@H]1C(=O)N1CC=C(c2ccccc2)CC1
CHEMBL3889936,8.5,1,8.070581074285707,CC(C)C(CS(=O)(=O)c1ccc(-c2cccc(CNC(=O)c3nc4ccccc4c(=O)[nH]3)c2)cc1)N(O)C=O
CHEMBL3978380,9500.0,1,5.022276394711152,O=C(NCc1cccc(-c2ccc(CS(=O)(=O)Cc3n[nH]c(=O)[nH]3)cc2)c1)c1nc2ccccc2c(=O)[nH]1
CHEMBL1935301,2.3,1,8.638272163982407,CC(C)[C@H](NS(=O)(=O)c1ccc2c(c1)oc1ccc(-c3noc(C4CCC4)n3)cc12)C(=O)O
CHEMBL1935303,4.0,1,8.397940008672037,CC(C)[C@H](NS(=O)(=O)c1ccc2c(c1)oc1ccc(-c3noc(-c4ccccc4)n3)cc12)C(=O)O
CHEMBL3358151,70.0,1,7.154901959985742,C[C@]1(CNC(=O)COc2ccc(Cl)cc2)NC(=O)NC1=O
CHEMBL4097165,9.0,1,8.045757490560675,O=C1NC(=O)[C@](CNC(=O)c2cc3cc(C(F)(F)F)ccc3o2)(C2CC2)N1
CHEMBL4290729,51.0,1,7.292429823902062,CO[C@@H]1O[C@H](CN([C@@H](C(=O)O)C(C)C)S(=O)(=O)c2ccc(-c3ccccc3)cc2)[C@@H](O)[C@H](O)[C@H]1O
CHEMBL4291027,20.0,1,7.698970004336019,CO[C@@H]1O[C@H](CNC(=S)NCCN([C@@H](C(=O)O)C(C)C)S(=O)(=O)c2ccc(-c3ccccc3)cc2)[C@@H](OC(C)=O)[C@H](OC(C)=O)[C@H]1OC(C)=O
CHEMBL4164016,109100.0,0,3.962175249411658,CCNC(=O)CC[C@H](NS(=O)(=O)c1ccc([N+](=O)[O-])cc1)C(=O)O
CHEMBL4162521,198300.0,0,3.702677285794697,CCCCNC(=O)CC[C@H](NS(=O)(=O)c1ccc([N+](=O)[O-])cc1)C(=O)O
CHEMBL4211285,1250.0,1,5.903089986991943,CCC[C@H](CN(O)C=O)C(=O)NCNC(=O)c1cc2cccc(OC)c2o1
CHEMBL1939846,23.0,1,7.638272163982407,CC(C)[C@@H]1C(=O)N(O)C(=O)CN1S(=O)(=O)c1ccc(Oc2ccccc2)cc1
CHEMBL4208519,6.0,1,8.221848749616356,Cc1cc(COc2ccc(S(=O)(=O)N(C)C3(C(=O)NO)CN(C(=O)CC(C)C)C3)cc2)c2ccccc2n1
CHEMBL4210206,4.0,1,8.397940008672037,COc1ccc(-c2ccc(Sc3ccccc3CC(=O)NO)cc2)cc1
CHEMBL4214269,40.0,1,7.397940008672037,COc1ccc(-c2ccc(Sc3ccccc3CC(=O)O)cc2)cc1
CHEMBL3355723,138.0,1,6.860120913598763,CC(C)C[C@H](CC(=O)NO)C(=O)N[C@@H](Cc1ccccc1)C(=O)N[C@@H](CCCCNC(=O)c1ccc(F)cc1)C(N)=O
CHEMBL578176,1240.0,1,5.906578314837764,Nc1nc2c(-c3[nH]c(Br)c(Br)c3Br)nccc2[nH]1
CHEMBL578412,100000.0,0,4.0,Cc1[nH]c(-c2nccc3[nH]c(N)nc23)c(Br)c1Br
CHEMBL572241,2990.0,1,5.52432881167557,Nc1nc2c(-c3[nH]c(Br)c(CCc4ccccc4)c3Br)nccc2[nH]1
CHEMBL583673,100000.0,0,4.0,Nc1nc2c(-c3[nH]c(Br)c(CCCc4ccccc4)c3Br)nccc2[nH]1
CHEMBL2337131,0.93,1,9.031517051446064,O=C(NO)C1c2ccc(Oc3ccccc3)cc2CCN1S(=O)(=O)c1cc(Cl)ccc1Cl
CHEMBL473611,10.3,1,7.987162775294827,CC(C)[C@H](NS(=O)(=O)c1ccc2c(c1)oc1ccc(NS(C)(=O)=O)cc12)C(=O)O
CHEMBL251465,150000.0,0,3.823908740944319,c1ccc(CCn2nnc(Cc3cccnc3)n2)cc1
CHEMBL249249,61000.0,0,4.214670164989233,C(=C/c1ccccc1)\Cn1cc(C2=NCCO2)nn1
CHEMBL400851,150000.0,0,3.823908740944319,c1ccc(CCn2cc(C3=NCCO3)nn2)cc1
CHEMBL254405,134000.0,0,3.872895201635192,O=C(OCc1cccc(C(F)(F)F)c1)c1cccc(S)n1
CHEMBL254404,81000.0,0,4.091514981121351,Cc1ccc(COC(=O)c2cccc(S)n2)cc1
CHEMBL252327,150000.0,0,3.823908740944319,O=C(OC1CCC1)c1cccc(S)n1
CHEMBL254657,70000.0,0,4.154901959985743,O=C(OC/C=C/c1ccccc1)c1cccc(=O)[nH]1
CHEMBL255051,68000.0,0,4.167491087293763,O=C(OCCc1ccccc1)c1cccc(=O)[nH]1
CHEMBL399070,69000.0,0,4.1611509092627434,O=C(OCc1ccccc1)c1cccc(=O)[nH]1
CHEMBL230085,100000.0,0,4.0,CN(C)c1nc2c(-c3cc(Br)c(Br)[nH]3)nccc2[nH]1
CHEMBL1233524,8300.0,1,5.080921907623925,CN(C)CCN(C)[C@H]1COc2ccccc2-c2c(C3CCCCC3)c3ccc(C(=O)O)cc3n2C1
CHEMBL4278980,1300.0,1,5.886056647693162,CC(C)[C@H](C(=O)O)N([C@@H]1O[C@H](CO)[C@@H](O)[C@H](O)[C@H]1O)S(=O)(=O)c1ccc(-c2ccccc2)cc1
CHEMBL4277909,40000.0,0,4.3979400086720375,CC(=O)N[C@@H]1[C@@H](OC(C)=O)[C@H](OC(C)=O)[C@@H](COC(C)=O)O[C@H]1N([C@@H](C(=O)O)C(C)C)S(=O)(=O)c1ccc(-c2ccccc2)cc1
CHEMBL579026,100000.0,0,4.0,Nc1nc2c(-c3cc(Cc4ccccc4)c(Br)[nH]3)nccc2[nH]1
CHEMBL552362,18.0,1,7.744727494896693,CC(C)[C@H](NS(=O)(=O)c1ccc2c(c1)oc1cc(NC(=O)NCCc3cccs3)ccc12)C(=O)O
CHEMBL563177,9.2,1,8.036212172654443,CC(C)[C@H](NS(=O)(=O)c1ccc2c(c1)oc1cc(N3CCOC3=O)ccc12)C(=O)O
CHEMBL2409711,8.9,1,8.050609993355089,C[C@]1(CS(=O)(=O)N2CCC(Oc3ccc(Cl)cc3)CC2)NC(=O)NC1=O
CHEMBL2437163,100000.0,0,4.0,O=C(COc1ccc(Cl)cc1)NNC(=S)NCCCCC1CCCCC1
CHEMBL4215407,13.0,1,7.886056647693162,Cc1cc(COc2ccc(S(=O)(=O)N(C)C3(C(=O)NO)CN(C(=O)C(C)C)C3)cc2)c2ccccc2n1
CHEMBL3827243,63.0,1,7.200659450546419,O=C(CC[C@H](NS(=O)(=O)c1ccc(-c2ccccc2)cc1)C(=O)O)NCc1ccccc1Cl
CHEMBL3827306,177.6,1,6.750557038557417,CCCNC(=O)CC[C@H](NS(=O)(=O)c1ccc(-c2ccccc2)cc1)C(=O)O
CHEMBL4745509,42.0,1,7.376750709602098,CC(=O)N[C@@H](COCc1ccccc1)C(=O)N[C@H](CCc1ccccc1)C(=O)N[C@H](Cc1ccc(F)cc1)C(=O)NO
CHEMBL4757848,36.1,1,7.442492798094343,CC(=O)N[C@@H](COCc1ccccc1)C(=O)N[C@H](CCc1ccccc1)C(=O)N[C@H](Cc1ccc(OC(C)=O)cc1)C(=O)NO
CHEMBL4741404,27.8,1,7.555955204081924,CC(=O)N[C@@H](COCc1ccccc1)C(=O)N[C@H](CCc1ccccc1)C(=O)N[C@H](Cc1ccccc1F)C(=O)NO
CHEMBL4748728,16.7,1,7.777283528852418,CC(=O)N[C@@H](COCc1ccccc1)C(=O)N[C@H](CCc1ccc(C(F)(F)F)cc1)C(=O)N[C@H](Cc1ccccc1)C(=O)NO
CHEMBL4745673,35.5,1,7.449771646944907,CC(=O)N[C@@H](COCc1ccccc1)C(=O)N[C@H](CCc1ccccc1)C(=O)N[C@H](Cc1cccc(C)c1)C(=O)NO
CHEMBL3827453,96.1,1,7.017276612331455,CCCCCCNC(=O)CC[C@H](NS(=O)(=O)c1ccc(-c2ccccc2)cc1)C(=O)O
CHEMBL50,10230.0,0,4.99012436628784,O=c1c(O)c(-c2ccc(O)c(O)c2)oc2cc(O)cc(O)c12
CHEMBL2048505,670.0,1,6.173925197299173,COC(=O)[C@H]1c2c(/C=C/C(=O)O[C@H](Cc3ccc(O)c(O)c3)C(=O)OC)ccc(O)c2O[C@@H]1c1ccc(O)c(O)c1
CHEMBL2047536,655.0,1,6.183758700008219,Cc1c(C(=O)O)ccc2c1CC[C@@H]2NC(=O)c1cc(C(=O)NCc2ccc3c(c2)NC(=O)CO3)nc2ccnn12
CHEMBL4761188,2.5,1,8.602059991327963,NC(=O)[C@H](CCC(=O)O)NC(=O)c1ccc(-c2cc(-c3ccccc3)cs2)cc1
CHEMBL4207732,11.0,1,7.9586073148417755,CC(C)[C@H](NS(=O)(=O)c1ccc2c(c1)oc1ccc(NC(=O)Oc3ccc(Br)cc3)cc12)C(=O)O
CHEMBL2326363,44.0,1,7.356547323513813,O=C(O)Cc1ccccc1S(=O)(=O)c1ccc(-c2ccc(OCCF)cc2)cc1
CHEMBL2326364,400.0,1,6.3979400086720375,O=C(O)Cc1ccccc1S(=O)(=O)c1ccc(-c2ccc(F)cc2)cc1
CHEMBL2048512,8.2,1,8.086186147616283,CNC(=O)C(CCc1ccccc1)NC(=O)C(CC(=O)NO)CC(C)C
CHEMBL4080520,1800.0,1,5.7447274948966935,CNC(=O)[C@@H](NC(=O)c1ccc(-c2ccc(CSc3nc4c(c(=O)[nH]3)CCC4)c(F)c2)o1)C(C)C
CHEMBL2048506,1790.0,1,5.747146969020108,CCCCOC(=O)[C@H]1c2c(/C=C/C(=O)O[C@H](Cc3ccc(O)c(O)c3)C(=O)O)ccc(O)c2O[C@@H]1c1ccc(O)c(O)c1
CHEMBL2409700,3.3,1,8.481486060122112,C[C@]1(CS(=O)(=O)N2CCC(Oc3ccc(OC(F)(F)F)cc3)CC2)NC(=O)NC1=O
CHEMBL2409698,23.7,1,7.625251653989896,C[C@]1(CS(=O)(=O)N2CCC(Oc3ccc(F)cc3)CC2)NC(=O)NC1=O
CHEMBL4102106,930.0,1,6.031517051446066,Cc1cc(COc2ccc(S(=O)(=O)N3CCN(C(=O)C(C)(C)C)C(C(=O)NO)C3)cc2)c2c(n1)CCCC2
CHEMBL4784390,42.1,1,7.375717904164333,CC(=O)N[C@@H](COCc1ccccc1)C(=O)N[C@H](CCc1ccccc1)C(=O)N[C@H](Cc1ccc(O)cc1)C(=O)NO
CHEMBL2326365,500.0,1,6.301029995663981,O=C(O)Cc1ccccc1S(=O)(=O)c1ccc(-c2ccc(NC(=O)CF)cc2)cc1
CHEMBL1935292,1.2,1,8.920818753952375,Cc1cnc(-c2ccc3oc4cc(S(=O)(=O)N[C@H](C(=O)O)C(C)C)ccc4c3c2)s1
CHEMBL1935293,8.6,1,8.065501548756432,Cc1nc(-c2ccc3oc4cc(S(=O)(=O)N[C@H](C(=O)O)C(C)C)ccc4c3c2)no1
CHEMBL1940296,100000.0,0,4.0,CNC(=O)c1ccc(Oc2ccc(C#C[C@]3(O)CN4CCC3CC4)cc2)cc1
CHEMBL4102193,5.0,1,8.301029995663981,O=C(CCc1ccc(C(F)(F)F)cc1)NC[C@@]1(C2CC2)NC(=O)NC1=O
CHEMBL2205659,13000.0,0,4.886056647693163,CC(C)C[C@H](NC(=O)[C@@H]1CCCN1C(=O)OCc1ccccc1)C(=O)N(CC(=O)O)S(=O)(=O)c1ccc(-c2ccccc2)cc1
CHEMBL3828051,296.6,1,6.5278288533076365,O=C(CC[C@H](NS(=O)(=O)c1ccc(-c2ccccc2)cc1)C(=O)O)NCCc1ccccc1
CHEMBL3827680,462.0,1,6.335358024443876,O=C(CC[C@H](NS(=O)(=O)c1ccc(-c2ccccc2)cc1)C(=O)O)NCc1cc(C(F)(F)F)cc(C(F)(F)F)c1
CHEMBL4218681,297.0,1,6.527243550682787,CC(C)[C@H](NS(=O)(=O)c1ccc2c(c1)oc1ccc(NS(=O)(=O)c3ccc(I)cc3)cc12)C(=O)O
CHEMBL4206785,10000.0,1,5.0,CCCCC[C@@H](C(=O)NCNC(=O)c1cc2cccc(OC)c2o1)[C@@H](CC)N(O)C=O
CHEMBL3827250,71.02,1,7.148619332034403,CCCCNC(=O)CC[C@H](NS(=O)(=O)c1ccc(-c2ccccc2)cc1)C(=O)O
CHEMBL4211663,200.0,1,6.698970004336019,CCCCC[C@@H](C(=O)NCNC(=O)c1cc2cccc(OC)c2o1)[C@H](CC)N(O)C=O
CHEMBL4787278,19.5,1,7.709965388637482,CC(=O)N[C@@H](CCCc1ccccc1)C(=O)N[C@H](CCc1ccccc1)C(=O)N[C@H](Cc1ccccc1)C(=O)NO
CHEMBL4787709,4.4,1,8.356547323513812,COc1ccc(CCC[C@H](NC(=O)CN2CCOCC2)C(=O)N[C@H](CCc2ccc(OC)cc2)C(=O)N[C@H](Cc2ccc(C)cc2)C(=O)NO)cc1
CHEMBL4764498,18.9,1,7.723538195826756,COC(=O)Nc1ccc2oc3cc(S(=O)(=O)N[C@@H](C(=O)O)C(C)C)ccc3c2c1
CHEMBL279785,10000.0,1,5.0,CNC(=O)[C@@H](NC(=O)[C@H](CC(C)C)[C@H](O)C(=O)NO)C(C)(C)C
CHEMBL4209100,26.0,1,7.585026652029183,COc1ccc(-c2ccc(Sc3ccccc3C(CCC(=O)O)C(=O)O)cc2)cc1
CHEMBL4206259,10000.0,1,5.0,COc1ccc(-c2ccc(S(=O)(=O)c3ccccc3C(=O)CS(C)(=O)=O)cc2)cc1
CHEMBL4293047,9200.0,1,5.0362121726544435,CC(=O)N[C@@H]1[C@@H](O)[C@H](O)[C@@H](CO)O[C@H]1N([C@@H](C(=O)O)C(C)C)S(=O)(=O)c1ccc(-c2ccccc2)cc1
CHEMBL4289657,83.0,1,7.080921907623925,CO[C@@H]1O[C@H](CN([C@@H](C(=O)O)C(C)C)S(=O)(=O)c2ccc(-c3ccccc3)cc2)[C@@H](OC(C)=O)[C@H](OC(C)=O)[C@H]1NC(C)=O
CHEMBL4282849,19.0,1,7.721246399047171,CC(=O)OC[C@H]1O[C@@H](NC(=S)NCCN([C@@H](C(=O)O)C(C)C)S(=O)(=O)c2ccc(-c3ccccc3)cc2)[C@H](OC(C)=O)[C@@H](OC(C)=O)[C@@H]1OC(C)=O
CHEMBL4283171,98.0,1,7.008773924307505,CC(C)[C@H](C(=O)O)N(CCNC(=S)N[C@@H]1O[C@H](CO)[C@@H](O)[C@H](O)[C@H]1O)S(=O)(=O)c1ccc(-c2ccccc2)cc1
CHEMBL4214626,40.0,1,7.397940008672037,COc1ccc(-c2ccc(S(=O)(=O)c3ccccc3C3CCC(=O)N(O)C3=O)cc2)cc1
CHEMBL3960062,300.0,1,6.522878745280337,O=C(NCc1cccc(OCCCS(=O)(=O)N2CCCCC2C(=O)O)c1)c1nc2ccccc2c(=O)[nH]1
CHEMBL4780646,34.9,1,7.45717457304082,CC(=O)N[C@@H](Cc1c[nH]c2ccccc12)C(=O)N[C@H](CCc1ccccc1)C(=O)N[C@H](Cc1ccccc1)C(=O)NO
CHEMBL4785870,20.5,1,7.688246138944246,COc1ccc(CCC[C@H](NC(C)=O)C(=O)N[C@H](CCc2ccccc2)C(=O)N[C@H](Cc2ccccc2)C(=O)NO)cc1
CHEMBL4741966,16.3,1,7.787812395596043,COc1ccc(CC[C@@H](NC(=O)[C@H](COCc2ccccc2)NC(C)=O)C(=O)N[C@H](Cc2ccccc2)C(=O)NO)cc1
CHEMBL4758924,20.9,1,7.679853713888947,CC(=O)N[C@@H](COCc1ccccc1)C(=O)N[C@H](CCc1ccccc1)C(=O)N[C@H](Cc1ccc(C)cc1)C(=O)NO
CHEMBL4755394,4.5,1,8.346787486224656,COc1ccc(CC[C@@H](NC(=O)[C@H](CCCc2ccccc2)NC(=O)CN2CCOCC2)C(=O)N[C@H](Cc2ccc(C)cc2)C(=O)NO)cc1
CHEMBL4759199,57.1,1,7.243363891754153,CC(=O)N[C@@H](COCc1ccccc1)C(=O)N[C@H](CCc1ccccc1)C(=O)N[C@H](Cc1ccc(C(F)(F)F)cc1)C(=O)NO
CHEMBL3958969,1.8,1,8.744727494896694,O=C(NCc1cccc(OCCCS(=O)(=O)N2CCCCC2C(=O)NO)c1)c1nc2ccccc2c(=O)[nH]1
