Molecule ChEMBL ID	Smiles	Standard Value	label	pIC50
CHEMBL237149	COc1ccc(C2=NNC3(S2)C(=O)N(Cc2ccccc2)c2ccccc23)cc1	5600.0	1	5.251811972993799
CHEMBL4066965	C[C@H](Cc1ccc(C(F)(F)F)cc1)C(=O)NC[C@@]1(C2CC2)NC(=O)NC1=O	9.0	1	8.045757490560675
CHEMBL1644424	O=C(NC[C@H]1CC[C@H](C(=O)O)CC1)c1cc(-c2ccc(OC(F)(F)F)cc2)ns1	3600.0	1	5.443697499232712
CHEMBL146718	Cc1ccc(S(=O)(=O)N2CCc3cc(OCc4ccccc4)ccc3C2C(=O)NO)cc1	72.0	1	7.142667503568732
CHEMBL148406	Nc1ccc(S(=O)(=O)N2CCc3cc(O)ccc3C2C(=O)NO)cc1	191.0	1	6.718966632752273
CHEMBL77258	CCCCC(CC(=O)NO)S(=O)(=O)C1CCCCC1	14.0	1	7.853871964321762
CHEMBL494528	CCCOC(=O)Nc1ccc2oc3cc(S(=O)(=O)N[C@H](C(=O)O)C(C)C)ccc3c2c1	5.6	1	8.2518119729938
CHEMBL523201	CC(C)[C@H](NS(=O)(=O)c1ccc2c(c1)oc1ccc(NC(=O)OCCF)cc12)C(=O)O	2.1	1	8.67778070526608
CHEMBL493958	COC(=O)Nc1ccc2c(c1)oc1cc(S(=O)(=O)N[C@H](C(=O)O)C(C)C)ccc12	12.0	1	7.920818753952375
CHEMBL1644425	O=C(NC[C@H]1CC[C@H](C(=O)O)CC1)c1cc(-c2ccc(OC(F)(F)F)cc2)sn1	31000.0	0	4.508638306165727
CHEMBL1644426	O=C(NC[C@H]1CC[C@H](C(=O)O)CC1)c1cc(-c2ccc(OC(F)(F)F)cc2)c(F)s1	140.0	1	6.853871964321762
CHEMBL1644428	NC(=O)C[C@@H](NC(=O)c1cc(-c2ccc(OC(F)(F)F)cc2)c(F)s1)c1ccccc1	85.0	1	7.070581074285707
CHEMBL1644430	CC(=O)c1ccc(-c2ccc(-c3cc(C(=O)N[C@H](CC(=O)O)c4ccccc4)sc3F)cc2)cc1	24.0	1	7.619788758288394
CHEMBL3932562	CC(C)[C@H](NS(=O)(=O)c1ccc(-c2cccc(CNC(=O)c3nc4ccccc4c(=O)[nH]3)c2)cc1)C(=O)NO	8.1	1	8.09151498112135
CHEMBL3971135	CC(C)[C@H](NS(=O)(=O)c1ccc(-c2cccc(CNC(=O)c3nc4ccccc4c(=O)[nH]3)c2)cc1)C(=O)O	16.0	1	7.795880017344075
CHEMBL187523	CC(C)[C@H](NS(=O)(=O)c1ccc(-c2ccc(NC(=O)c3cc4ccccc4o3)cc2)cc1)C(=O)O	14.0	1	7.853871964321762
CHEMBL450549	COC(=O)Nc1cc2oc3ccc(S(=O)(=O)N[C@@H](C(=O)O)C(C)C)cc3c2cc1Br	1050.0	1	5.978810700930062
CHEMBL1796298	O=C(NCc1ccncn1)c1ccc(Oc2ccc(C#C[C@]3(O)CN4CCC3CC4)cc2)cc1	10000.0	1	5.0
CHEMBL1940315	O=C(NC1CCCS(=O)(=O)C1)c1ccc(Oc2ccc(C#C[C@]3(O)CN4CCC3CC4)cc2)cc1	10000.0	1	5.0
CHEMBL1940314	O=C(NC1CCS(=O)(=O)CC1)c1ccc(Oc2ccc(C#C[C@]3(O)CN4CCC3CC4)cc2)cc1	10000.0	1	5.0
CHEMBL584559	CC(=O)c1ccc(-c2ccc(CCC(O)CC(=O)O)cc2)cc1	62.0	1	7.2076083105017466
CHEMBL572780	COc1ccc(-c2ccc(S(=O)(=O)c3ccccc3C(C)C(=O)NO)cc2)cc1	2.7	1	8.568636235841012
CHEMBL584147	COc1ccc(-c2ccc(S(=O)(=O)c3ccccc3C(C)C(=O)O)cc2)cc1	310.0	1	6.508638306165727
CHEMBL574589	O=C(NO)c1ccccc1S(=O)(=O)c1ccc(-c2ccccc2)cc1	590.0	1	6.229147988357855
CHEMBL573935	O=C(O)Cc1ccccc1S(=O)(=O)c1ccc(-c2ccccc2)cc1	1500.0	1	5.823908740944319
CHEMBL576762	C[S+]([O-])c1ccc(Oc2ccc(S(=O)(=O)c3ccccc3C(=O)NO)cc2)cc1	5800.0	1	5.236572006437063
CHEMBL575881	CC(C)ON([C@@H](C(=O)O)C(C)C)S(=O)(=O)c1ccc(-c2ccccc2)cc1	410.0	1	6.3872161432802645
CHEMBL1935294	CCc1nc(-c2ccc3oc4cc(S(=O)(=O)N[C@H](C(=O)O)C(C)C)ccc4c3c2)no1	2.9	1	8.537602002101044
CHEMBL572980	O=C(O)CSCCc1ccc(-c2ccccc2)cc1	11800.0	0	4.928117992693875
CHEMBL1935280	CC(C)[C@H](NS(=O)(=O)c1ccc2c(c1)oc1ccc(-n3ccc(C(F)(F)F)n3)cc12)C(=O)O	0.7	1	9.154901959985743
CHEMBL1935283	CC(C)[C@H](NS(=O)(=O)c1ccc2c(c1)oc1ccc(N3CCOCC3)cc12)C(=O)O	2.2	1	8.657577319177793
CHEMBL1935284	CC(C)[C@H](NS(=O)(=O)c1ccc2c(c1)oc1ccc(-c3ccoc3)cc12)C(=O)O	0.4	1	9.397940008672037
CHEMBL1935290	CC(C)[C@H](NS(=O)(=O)c1ccc2c(c1)oc1ccc(-c3ccc[nH]3)cc12)C(=O)O	0.4	1	9.397940008672037
CHEMBL1939876	CCOC(=O)c1cc2cc(-c3cc(C(=O)NCc4ccc(C(=O)O)cc4)nn3C)ccc2[nH]1	22000.0	0	4.657577319177793
CHEMBL1940312	CNC(=O)N1CCC(NC(=O)c2ccc(Oc3ccc(C#C[C@]4(O)CN5CCC4CC5)cc3)cc2)CC1	10000.0	1	5.0
CHEMBL1940311	O=C(NC1CCN(C(=O)C2CC2)CC1)c1ccc(Oc2ccc(C#C[C@]3(O)CN4CCC3CC4)cc2)cc1	10000.0	1	5.0
CHEMBL1940310	CC(=O)N1CCC(NC(=O)c2ccc(Oc3ccc(C#C[C@]4(O)CN5CCC4CC5)cc3)cc2)CC1	10000.0	1	5.0
CHEMBL4207308	CCCCC[C@@H](C(=O)NCNC(=O)c1ccc(-c2ccccc2)o1)[C@@H](CC)N(O)C=O	10000.0	1	5.0
CHEMBL1935296	CC(C)[C@H](NS(=O)(=O)c1ccc2c(c1)oc1ccc(-c3noc(C(C)(C)C)n3)cc12)C(=O)O	17.0	1	7.769551078621726
CHEMBL1935302	CC(C)[C@H](NS(=O)(=O)c1ccc2c(c1)oc1ccc(-c3noc(C4CCCCC4)n3)cc12)C(=O)O	7.2	1	8.142667503568731
CHEMBL3980860	O=C1NC(=O)[C@](CNC(=O)[C@@H](Cc2ccc(C(F)(F)F)cc2)C2CC2)(C2CC2)N1	268.0	1	6.5718652059712115
CHEMBL111856	O=C(NO)C1(NS(=O)(=O)c2ccc(Oc3ccc(F)cc3)cc2)CCOCC1	0.24	1	9.619788758288394
CHEMBL4205331	CCCCC[C@@H](CN(O)C=O)C(=O)NCNC(=O)c1cc2cccc(OC)c2o1	10000.0	1	5.0
CHEMBL4214104	CC(C)[C@H](NS(=O)(=O)c1ccc2c(c1)oc1ccc(NC(=O)c3ccc(I)cc3)cc12)C(=O)O	502.0	1	6.29929628285498
CHEMBL366111	O=C(NO)[C@@]1(O)COCC[C@H]1S(=O)(=O)c1ccc(OCc2ccc(Cl)cc2Cl)cc1	0.95	1	9.022276394711152
CHEMBL181878	CC(=O)c1ccc(-c2ccc(-c3csc(C(=O)NCCN4CCOCC4)c3)cc2)cc1	57.0	1	7.2441251443275085
CHEMBL492315	COC(=O)Nc1cc2oc3ccc(S(=O)(=O)N[C@H](C(=O)O)C(C)C)cc3c2cc1Br	3900.0	1	5.4089353929735005
CHEMBL474398	Cc1noc(C)c1S(=O)(=O)Nc1ccc2c(c1)oc1ccc(S(=O)(=O)N[C@@H](C(=O)O)C(C)C)cc12	2500.0	1	5.6020599913279625
CHEMBL473610	CC(C)[C@@H](NS(=O)(=O)c1ccc2oc3cc(NS(=O)(=O)c4ccccc4)ccc3c2c1)C(=O)O	100.0	1	7.0
CHEMBL4171886	CNC(=O)CC[C@H](NS(=O)(=O)c1ccc([N+](=O)[O-])cc1)C(=O)O	500000.0	0	3.3010299956639813
CHEMBL4170455	CC(C)NC(=O)CC[C@H](NS(=O)(=O)c1ccc([N+](=O)[O-])cc1)C(=O)O	493200.0	0	3.306976932076306
CHEMBL4175156	CCCCCNC(=O)CC[C@H](NS(=O)(=O)c1ccc([N+](=O)[O-])cc1)C(=O)O	493250.0	0	3.306932906075771
CHEMBL1940316	O=C(NC1CCS(=O)(=O)C1)c1ccc(Oc2ccc(C#C[C@]3(O)CN4CCC3CC4)cc2)cc1	10000.0	1	5.0
CHEMBL373275	CCCCCCCCC#Cc1ccc(C(=O)CCC(=O)O)cc1	12480.0	0	4.903785414653595
CHEMBL77995	CNC(=O)[C@@H](NC(=O)C(CCc1ccccc1)CP(=O)(O)Cc1ccc(Cc2ccccc2OC)cc1)C(C)(C)C	4.0	1	8.397940008672037
CHEMBL377700	O=C(O)CC(Cc1ccc(F)cc1)C(=O)c1ccc(C#Cc2ccccc2)cc1	1140.0	1	5.943095148663527
CHEMBL572926	O=C(O)CC(O)CCc1ccc(-c2ccc(OCc3ccccc3)cc2)cc1	3750.0	1	5.425968732272281
CHEMBL4279699	CO[C@@H]1O[C@H](CNC(=S)NCCN([C@@H](C(=O)O)C(C)C)S(=O)(=O)c2ccc(-c3ccccc3)cc2)[C@@H](O)[C@H](O)[C@H]1O	65.0	1	7.187086643357144
CHEMBL4094455	C[C@@H](Cc1ccc(C(F)(F)F)cc1)C(=O)NC[C@@]1(C2CC2)NC(=O)NC1=O	7.0	1	8.154901959985743
CHEMBL569132	Nc1nc2c(-c3cc(Br)c(Cl)[nH]3)nccc2[nH]1	2020.0	1	5.694648630553377
CHEMBL570917	Nc1nc2c(-c3cc(Br)c(-c4cccc(-c5ccccc5)c4)[nH]3)nccc2[nH]1	100000.0	0	4.0
CHEMBL569118	Nc1nc2c(-c3cc(Br)c(-c4ccc(-c5ccccc5)cc4)[nH]3)nccc2[nH]1	100000.0	0	4.0
CHEMBL571136	Nc1nc2c(-c3cc(CCc4ccccc4)c(Br)[nH]3)nccc2[nH]1	10200.0	0	4.991399828238082
CHEMBL572244	Nc1nc2c(-c3[nH]c(Br)c(CCc4ccccc4C(F)(F)F)c3Br)nccc2[nH]1	100000.0	0	4.0
CHEMBL571388	Nc1nc2c(-c3[nH]c(Br)c(CCc4ccc(C(F)(F)F)cc4)c3Br)nccc2[nH]1	100000.0	0	4.0
CHEMBL1940309	CS(=O)(=O)N1CCC(NC(=O)c2ccc(Oc3ccc(C#C[C@]4(O)CN5CCC4CC5)cc3)cc2)CC1	10000.0	1	5.0
CHEMBL3827735	O=C(CC[C@H](NS(=O)(=O)c1ccc(-c2ccccc2)cc1)C(=O)O)Nc1ccccc1	295.8	1	6.529001830339126
CHEMBL3827073	O=C(CC[C@H](NS(=O)(=O)c1ccc(-c2ccccc2)cc1)C(=O)O)NCc1ccccc1	53.2	1	7.274088367704952
CHEMBL3827162	CCCCCNC(=O)CC[C@H](NS(=O)(=O)c1ccc(-c2ccccc2)cc1)C(=O)O	52.3	1	7.281498311132726
CHEMBL2205661	CC(C)C[C@H](NC(=O)CNS(=O)(=O)c1ccc(-c2ccccc2)cc1)C(=O)N[C@@H](CCC(=O)O)C(=O)N[C@@H](CCC(=O)O)C(=O)N[C@@H](C)C(N)=O	48000.0	0	4.318758762624412
CHEMBL270083	N[C@H]1CCCC[C@H]1NC(=O)P(=O)(O)O	100000.0	0	4.0
CHEMBL550038	CC(C)[C@H](NS(=O)(=O)c1ccc2c(c1)oc1ccc(N3CCOC3=O)cc12)C(=O)O	2.0	1	8.698970004336019
CHEMBL1935282	CC(C)[C@H](NS(=O)(=O)c1ccc2c(c1)oc1ccc(N3CCN(C)CC3)cc12)C(=O)O	18.0	1	7.7447274948966935
CHEMBL3828226	O=C(CC[C@H](NS(=O)(=O)c1ccc(-c2ccccc2)cc1)C(=O)O)NCc1ccc(F)cc1	84.0	1	7.075720713938118
CHEMBL179177	Cc1ccc(COC(=O)NC(=O)c2cc(-c3ccc(-c4ccccc4)cc3)cs2)cc1	70.0	1	7.154901959985743
CHEMBL180875	O=C(NCCN1CCOCC1)c1cc(-c2ccc(C3CCCCC3)cc2)cs1	460.0	1	6.337242168318426
CHEMBL183410	CCOCCC1(Oc2ccc(Oc3ccc(-c4nnco4)cc3)cc2)C(=O)NC(=O)C(N)C1=O	29.0	1	7.5376020021010435
CHEMBL2333287	COc1ccc(C[C@@H](OC(=O)/C=C/c2ccc(OCc3ccccc3)c(OCc3ccccc3)c2)C(=O)O)cc1OC	2100.0	1	5.6777807052660805
CHEMBL3827615	O=C(CC[C@H](NS(=O)(=O)c1ccc(-c2ccccc2)cc1)C(=O)O)NC1CCCCC1	73.2	1	7.135488918941608
CHEMBL147489	O=C(NO)C1c2ccc(O)cc2CCN1S(=O)(=O)c1ccc([N+](=O)[O-])cc1	59.0	1	7.229147988357855
CHEMBL179285	O=C(N[C@@H](C(=O)O)c1ccccc1)c1cc(-c2ccc(-c3ccncc3)cc2)cs1	14.0	1	7.853871964321762
CHEMBL574370	O=C(Cc1ccccc1S(=O)(=O)c1ccc(-c2ccccc2)cc1)NO	6.0	1	8.221848749616356
CHEMBL3394285	O=C(/C=C/c1ccc(C(F)(F)F)cc1)NO	100000.0	0	4.0
CHEMBL199314	O=C(O)CCC(=O)c1ccc(C#CCOCc2ccccc2)cc1	25740.0	0	4.589391457431632
CHEMBL203139	CCC(CC(=O)O)C(=O)c1ccc(C#CCOCc2ccccc2)cc1	7560.0	1	5.121478204498794
CHEMBL2333288	COc1ccc(C[C@H](OC(=O)/C=C/c2ccc(OCc3ccccc3)c(OCc3ccccc3)c2)C(=O)O)cc1OC	2300.0	1	5.638272163982407
CHEMBL460725	Nc1c(N2CCc3ccc(CNC(=O)c4nc5sc6c(c5c(=O)[nH]4)CCS(=O)(=O)C6)cc3C2)c(=O)c1=O	5000.0	1	5.301029995663981
CHEMBL1788203	CCCC[C@H](CC(=O)NO)S(=O)(=O)c1ccccc1	42.0	1	7.376750709602099
CHEMBL3926071	CCOCCC1(Oc2ccc(-c3cccc(CNC(=O)c4nc5ccccc5c(=O)[nH]4)c3)cc2)C(=O)NC(=O)NC1=O	540.0	1	6.267606240177032
CHEMBL2435340	O=C(NCc1ccc(-c2ccccc2)cc1)c1cccc(=O)n1O	18.0	1	7.7447274948966935
CHEMBL567893	COC(=O)[C@@H]1CCCN1C(=O)[C@@H](Cc1ccccc1)N(C)C(=O)[C@H](C)NC(=O)[C@@H](NC(=O)C[C@H](O)[C@H](CC(C)C)NC(=O)[C@H](CC(N)=O)NC(=O)[C@H](CC(C)C)NC(=O)[C@H](OC(=O)[C@@H](OC(=O)[C@H](C(C)C)N(C)C)C(C)C)C(C)C)[C@@H](C)O	5000.0	1	5.301029995663981
CHEMBL118497	C[C@@H](C[C@@H](COC(=O)CCC(=O)O)NC(=O)c1ccc(Oc2ccccc2)cc1)C(=O)NO	2.6	1	8.585026652029182
CHEMBL298647	O=C(CN1Cc2c(Cl)cccc2NC1=O)NO	100000.0	0	4.0
CHEMBL574445	CC(=O)OC(CCc1ccc(-c2ccccc2)cc1)CC(=O)O	54400.0	0	4.2644011003018205
CHEMBL575320	CSc1ccc(-c2ccc(CCC(O)CC(=O)O)cc2)cc1	58.0	1	7.236572006437063
CHEMBL574666	N#Cc1cccc(-c2ccc(CCC(O)CC(=O)O)cc2)c1	3390.0	1	5.4698003017969175
CHEMBL116944	C[C@@H](C[C@@H](CO)NC(=O)c1ccc(Oc2ccccc2)cc1)C(=O)NO	3.5	1	8.455931955649724
CHEMBL230084	CNc1nc2c(-c3cc(Br)c(Br)[nH]3)nccc2n1C	100000.0	0	4.0
CHEMBL231012	Nc1nc2c(-c3cc(Br)c[nH]3)nccc2[nH]1	100000.0	0	4.0
CHEMBL1644423	O=C(NC[C@H]1CC[C@H](C(=O)O)CC1)c1cc(-c2ccc(OC(F)(F)F)cc2)cs1	400.0	1	6.3979400086720375
CHEMBL4160618	NC(=O)CC[C@H](NS(=O)(=O)c1ccc([N+](=O)[O-])cc1)C(=O)O	100100.0	0	3.999565922520681
CHEMBL4167291	CC(C)CNC(=O)CC[C@H](NS(=O)(=O)c1ccc([N+](=O)[O-])cc1)C(=O)O	500000.0	0	3.3010299956639813
CHEMBL583588	N#Cc1ccc(-c2ccc(CCC(O)CC(=O)O)cc2)cc1	86.0	1	7.0655015487564325
CHEMBL178652	O=C(N[C@@H](C(=O)O)c1ccccc1)c1cc(-c2ccc(OC(F)(F)F)cc2)cs1	180.0	1	6.7447274948966935
CHEMBL199666	CCCCCCC(CC(=O)O)C(=O)c1ccc(C#Cc2ccc(Cl)cc2)cc1	200.0	1	6.698970004336019
CHEMBL570310	CC(C)[C@@H](NS(=O)(=O)c1ccc2sc3ccccc3c2c1)C(=O)O	87.0	1	7.060480747381382
CHEMBL549970	COC(=O)Nc1ccc2c(c1)sc1ccc(S(=O)(=O)N[C@H](C(=O)O)C(C)C)cc12	7300.0	1	5.136677139879544
CHEMBL561312	COC(=O)Nc1ccc2sc3cc(S(=O)(=O)N[C@H](C(=O)O)C(C)C)ccc3c2c1	0.4	1	9.397940008672037
CHEMBL559585	COC(=O)Nc1ccc2c(c1)sc1cc(S(=O)(=O)N[C@@H](C(=O)O)C(C)C)ccc12	29.0	1	7.5376020021010435
CHEMBL550562	COC(=O)Nc1ccc2c(c1)oc1cc(S(=O)(=O)N[C@@H](C(=O)O)C(C)C)ccc12	11.1	1	7.954677021213342
CHEMBL550907	CC(C)COC(=O)Nc1ccc2c(c1)sc1cc(S(=O)(=O)N[C@H](C(=O)O)C(C)C)ccc12	20.2	1	7.694648630553377
CHEMBL563407	C#CCCOC(=O)Nc1ccc2c(c1)sc1cc(S(=O)(=O)N[C@H](C(=O)O)C(C)C)ccc12	6.1	1	8.214670164989233
CHEMBL562114	CC(C)[C@H](NS(=O)(=O)c1ccc2c(c1)sc1cc(NC(=O)Oc3ccc(F)cc3)ccc12)C(=O)O	28.0	1	7.552841968657781
CHEMBL553918	CC(C)[C@H](NS(=O)(=O)c1ccc2c(c1)oc1cc(N)ccc12)C(=O)O	17.0	1	7.769551078621726
CHEMBL187092	C[C@@]1(O)CCCN(S(=O)(=O)c2ccc(OCc3ccc(F)cc3Cl)cc2)[C@H]1C(=O)NO	1.0	1	9.0
CHEMBL77163	CNC(=O)[C@@H](NC(=O)C(CCc1ccc(Cl)cc1)CP(=O)(O)Cc1ccc(Cc2ccccc2)cc1)C(C)(C)C	1.6980000000000002	1	8.770062314092065
CHEMBL4217377	CC(C)[C@H](NS(=O)(=O)c1ccc2c(c1)oc1ccc(NC(=O)Oc3ccc(I)cc3)cc12)C(=O)O	8.5	1	8.070581074285707
CHEMBL3972836	CC(C)(Cc1ccc(C(F)(F)F)cc1)C(=O)NC[C@@]1(C2CC2)NC(=O)NC1=O	71.0	1	7.1487416512809245
CHEMBL4072836	CC[C@H](Cc1ccc(C(F)(F)F)cc1)C(=O)NC[C@@]1(C2CC2)NC(=O)NC1=O	26.0	1	7.585026652029182
CHEMBL4215581	COc1cccc2cc(C(=O)NCNC(=O)CCN(O)C=O)oc12	10000.0	1	5.0
CHEMBL3355722	CC(C)C[C@H](CC(=O)NO)C(=O)N[C@@H](Cc1ccccc1)C(=O)N[C@@H](CCCCN)C(N)=O	2.0	1	8.698970004336019
CHEMBL290377	CNC(=O)[C@@H](NC(=O)C(CCc1ccccc1)CP(=O)(O)Cc1ccc(Cc2ccccc2)cc1)C(C)(C)C	8.2	1	8.086186147616283
CHEMBL473841	CN(CC(=O)NC(c1cccc([N+](=O)[O-])c1)c1cc(Cl)c2cccnc2c1O)c1ccccc1	25000.0	0	4.6020599913279625
CHEMBL182038	O=C(NCCN1CCOCC1)c1cc(-c2ccc(-c3ccncc3)cc2)cs1	100.0	1	7.0
CHEMBL367148	Cc1ccc(COC(=O)NC(=O)c2cc(-c3ccc(OC(F)(F)F)cc3)cs2)cc1	400.0	1	6.3979400086720375
CHEMBL179287	O=C(N[C@H](C(=O)O)c1ccccc1)c1cc(-c2ccc(OC(F)(F)F)cc2)cs1	8300.0	1	5.080921907623926
CHEMBL241405	COC(=O)[C@@H](Cc1ccc(O)c(O)c1)OC(=O)/C=C/c1ccc(O)c(O)c1	2750.0	1	5.560667306169737
CHEMBL3955430	O=C(NCc1cccc(N2CCN(C(=O)Cc3n[nH]c(=O)[nH]3)CC2)c1)c1nc2ccccc2c(=O)[nH]1	260.0	1	6.585026652029182
CHEMBL485690	Cc1nc(-c2ccc3c(c2)CCC(=O)N3)cs1	5000000.0	0	2.3010299956639813
CHEMBL503690	Cn1cc2c(n1)-c1cc(Cl)ccc1SC2	1000000.0	0	3.0
CHEMBL3827640	CC(C)CNC(=O)CC[C@H](NS(=O)(=O)c1ccc(-c2ccccc2)cc1)C(=O)O	246.6	1	6.608006927740287
CHEMBL523034	COC(=O)Nc1ccc2oc3cc(S(=O)(=O)N[C@H](C(=O)O)C(C)C)ccc3c2c1	2.0	1	8.698970004336019
CHEMBL552376	CC(C)[C@@H](NS(=O)(=O)c1ccc2sc3cc(NS(C)(=O)=O)ccc3c2c1)C(=O)O	4400.0	1	5.356547323513812
CHEMBL562850	CC(C)[C@@H](NS(=O)(=O)c1ccc2c(c1)sc1ccc(NS(C)(=O)=O)cc12)C(=O)O	60.0	1	7.221848749616356
CHEMBL574605	CC(C(=O)NO)c1ccccc1S(=O)(=O)c1ccc(-c2ccccc2)cc1	6.0	1	8.221848749616356
CHEMBL573714	COc1ccc(S(=O)(=O)c2ccccc2CC(=O)NO)cc1	32.0	1	7.494850021680094
CHEMBL575896	O=C(NO)c1ccccc1S(=O)(=O)c1ccc(Oc2ccccc2)cc1	1200.0	1	5.920818753952375
CHEMBL579068	CC(C(=O)O)c1ccccc1S(=O)(=O)c1ccc(-c2ccccc2)cc1	1900.0	1	5.721246399047171
CHEMBL585376	COc1ccc(S(=O)(=O)c2ccccc2CC(=O)O)cc1	89000.0	0	4.050609993355087
CHEMBL179288	CC(C)ON([C@@H](C(=O)NO)C(C)C)S(=O)(=O)c1ccc(-c2ccccc2)cc1	0.2	1	9.698970004336019
CHEMBL572979	O=C(O)CC(=O)CCc1ccc(-c2ccccc2)cc1	7840.0	1	5.105683937315561
CHEMBL566512	O=C(O)CC(O)CCc1ccc(-c2ccc3c(c2)Cc2ccccc2-3)cc1	1150.0	1	5.939302159646388
CHEMBL236523	CCCc1ccc2c(c1)NC(=O)C21NN=C(c2ccc(OC)cc2)S1	1700.0	1	5.769551078621726
CHEMBL201298	CCCCCCC(CC(=O)O)C(=O)c1ccc(C#Cc2ccccc2)cc1	450.0	1	6.346787486224656
CHEMBL4291062	CC(=O)N[C@H]1[C@H](NC(=S)NCCN([C@@H](C(=O)O)C(C)C)S(=O)(=O)c2ccc(-c3ccccc3)cc2)O[C@H](COC(C)=O)[C@@H](OC(C)=O)[C@@H]1OC(C)=O	18.0	1	7.7447274948966935
CHEMBL4282436	CC(=O)OC[C@H]1O[C@@H](N([C@@H](C(=O)O)C(C)C)S(=O)(=O)c2ccc(-c3ccccc3)cc2)[C@H](OC(C)=O)[C@@H](OC(C)=O)[C@@H]1OC(C)=O	9600.0	1	5.017728766960431
CHEMBL4286237	CO[C@@H]1O[C@H](CN([C@@H](C(=O)O)C(C)C)S(=O)(=O)c2ccc(-c3ccccc3)cc2)[C@@H](O)[C@H](O)[C@H]1NC(C)=O	41.0	1	7.3872161432802645
CHEMBL402436	CSc1nc2ccccc2n1Cc1ccc(C(=O)N[C@@H]2CN(C(=O)OC(C)(C)C)C[C@@H]2C(=O)NO)cc1	540.0	1	6.267606240177032
CHEMBL1939844	COc1ccc(S(=O)(=O)N2CC(=O)N(O)C(=O)[C@H]2C(C)C)cc1	66.0	1	7.180456064458132
CHEMBL1935304	CC(C)[C@H](NS(=O)(=O)c1ccc2c(c1)oc1ccc(-c3noc(C4CCOC4)n3)cc12)C(=O)O	0.3	1	9.522878745280337
CHEMBL1935281	CC(C)[C@H](NS(=O)(=O)c1ccc2c(c1)oc1ccc(N3CCNCC3)cc12)C(=O)O	23.0	1	7.638272163982407
CHEMBL1935287	CC(C)[C@H](NS(=O)(=O)c1ccc2c(c1)oc1ccc(-c3cccs3)cc12)C(=O)O	0.2	1	9.698970004336019
CHEMBL1935289	CC(C)[C@H](NS(=O)(=O)c1ccc2c(c1)oc1ccc(-c3cc[nH]n3)cc12)C(=O)O	1.0	1	9.0
CHEMBL1935278	CC(C)[C@H](NS(=O)(=O)c1ccc2c(c1)oc1ccc(-n3cncn3)cc12)C(=O)O	13.0	1	7.886056647693163
CHEMBL1935285	Cc1ccc(-c2ccc3oc4cc(S(=O)(=O)N[C@H](C(=O)O)C(C)C)ccc4c3c2)o1	0.1	1	10.0
CHEMBL4294130	CO[C@@H]1O[C@H](CN([C@@H](C(=O)O)C(C)C)S(=O)(=O)c2ccc(-c3ccccc3)cc2)[C@@H](OC(C)=O)[C@H](OC(C)=O)[C@H]1OC(C)=O	84.0	1	7.075720713938118
CHEMBL4081997	NCCNS(=O)(=O)c1ccc(-c2ccc(CSc3nc4c(c(=O)[nH]3)CCC4)cc2)cc1	467.0	1	6.330683119433888
CHEMBL1940313	O=C(NC1CCN(C2CC2)CC1)c1ccc(Oc2ccc(C#C[C@]3(O)CN4CCC3CC4)cc2)cc1	10000.0	1	5.0
CHEMBL299946	O=C(CN1Cc2c(Cl)cccc2NS1(=O)=O)NO	100000.0	0	4.0
CHEMBL250069	O=C(OCc1cccc(Oc2ccccc2)c1)c1cccc(S)n1	71000.0	0	4.1487416512809245
CHEMBL442286	O=C(OC1CCCCC1)c1cccc(S)n1	87000.0	0	4.060480747381382
CHEMBL404205	CC(C)OC(=O)c1cccc(S)n1	146000.0	0	3.835647144215563
CHEMBL253374	O=C(OCc1ccc(F)cc1)c1cccc(=O)[nH]1	65000.0	0	4.187086643357144
CHEMBL253372	O=C(OCCCCOc1ccccc1)c1cccc(=O)[nH]1	82000.0	0	4.086186147616283
CHEMBL4218334	CCCCC[C@H](CN(O)C=O)C(=O)NCNC(=O)c1cc2cccc(OC)c2o1	400.0	1	6.3979400086720375
CHEMBL4218229	COc1cccc2cc(C(=O)NCNC(=O)[C@H](Cc3ccccc3)CN(O)C=O)oc12	4000.0	1	5.3979400086720375
CHEMBL12318	O=P(O)(O)C(Cl)(Cl)P(=O)(O)O	121000.0	0	3.9172146296835497
CHEMBL4206329	COc1ccc(-c2ccc(Sc3ccccc3CP(=O)(O)O)cc2)cc1	250.0	1	6.6020599913279625
CHEMBL4216008	COc1ccc(-c2ccc(S(=O)(=O)c3ccccc3CC(=O)NS(=O)(=O)C(F)(F)F)cc2)cc1	7500.0	1	5.1249387366083
CHEMBL400357	c1ccc(Cn2nnc(Cc3cccnc3)n2)cc1	150000.0	0	3.8239087409443187
CHEMBL4163839	O=C(CC[C@H](NS(=O)(=O)c1ccc([N+](=O)[O-])cc1)C(=O)O)NCc1ccccc1	95200.0	0	4.021363051615525
CHEMBL492531	CC(C)[C@H](NS(=O)(=O)c1ccc2c(c1)oc1ccc(NC(=O)Oc3ccc(F)cc3)cc12)C(=O)O	6.2	1	8.207608310501746
CHEMBL230194	Nc1nc2c(-c3ccc[nH]3)nccc2[nH]1	100000.0	0	4.0
CHEMBL395799	Nc1nc2c(-c3ccc(Br)[nH]3)nccc2[nH]1	100000.0	0	4.0
CHEMBL1335679	O=C(O)CNS(=O)(=O)c1ccc(-c2ccccc2)cc1	290.0	1	6.5376020021010435
CHEMBL147881	O=C(NO)C1c2ccc(OCc3ccccc3)cc2CCN1S(=O)(=O)c1ccccc1	57.0	1	7.2441251443275085
CHEMBL449228	CC(C)[C@@H](NS(=O)(=O)c1ccc2oc3ccccc3c2c1)C(=O)O	38.0	1	7.42021640338319
CHEMBL523035	CCOC(=O)Nc1ccc2oc3cc(S(=O)(=O)N[C@H](C(=O)O)C(C)C)ccc3c2c1	5.0	1	8.301029995663981
CHEMBL146289	O=C(NO)C1c2ccc(O)cc2CCN1S(=O)(=O)c1ccccc1	421.0	1	6.375717904164332
CHEMBL562373	COC(=O)Nc1ccc2c(c1)sc1cc(S(=O)(=O)N[C@H](C(=O)O)C(C)C)ccc12	9.0	1	8.045757490560675
CHEMBL549756	Cc1ccc(OC(=O)Nc2ccc3c(c2)sc2cc(S(=O)(=O)N[C@H](C(=O)O)C(C)C)ccc23)cc1	36.3	1	7.440093374963888
CHEMBL552313	CC(C)[C@H](NS(=O)(=O)c1ccc2c(c1)sc1cc(N3CCOC3=O)ccc12)C(=O)O	44.0	1	7.356547323513812
CHEMBL475231	CC(C)[C@H](NS(=O)(=O)c1ccc2oc3cc(NS(C)(=O)=O)ccc3c2c1)C(=O)O	170.0	1	6.769551078621726
CHEMBL474457	CCCOC(=O)Nc1ccc2c(c1)oc1ccc(S(=O)(=O)N[C@@H](C(=O)O)C(C)C)cc12	14.0	1	7.853871964321762
CHEMBL2047537	Cc1c(C(=O)O)ccc2c1CC[C@@H]2NC(=O)c1cc(C(=O)NCc2ccc(F)c(C(F)(F)F)c2)nc2c(F)cnn12	20000.0	0	4.698970004336019
CHEMBL2409699	CCOc1ccc(OC2CCN(S(=O)(=O)C[C@@]3(C)NC(=O)NC3=O)CC2)cc1	2.0	1	8.698970004336019
CHEMBL4285838	CC(=O)N[C@H]1[C@H](NC(=S)NCCN([C@@H](C(=O)O)C(C)C)S(=O)(=O)c2ccc(-c3ccccc3)cc2)O[C@H](CO)[C@@H](O)[C@@H]1O	40.0	1	7.3979400086720375
CHEMBL358539	COc1ccc(S(=O)(=O)N2CCc3cc(OCc4ccccc4)ccc3C2C(=O)NO)cc1	57.0	1	7.2441251443275085
CHEMBL148214	COc1ccc(S(=O)(=O)N2CCc3cc(O)c(OC)cc3C2C(=O)NO)cc1	20.0	1	7.698970004336019
CHEMBL230196	Cn1c(-c2nccc3[nH]c(N)nc23)cc(Br)c1Br	100000.0	0	4.0
CHEMBL2409710	C[C@]1(CS(=O)(=O)N2CCC(Oc3ccc(C(F)(F)F)cc3)CC2)NC(=O)NC1=O	5.9	1	8.229147988357855
CHEMBL4213983	COc1ccc(-c2ccc(S(=O)(=O)c3ccccc3C(CCC(=O)O)C(=O)O)cc2)cc1	510.0	1	6.292429823902063
CHEMBL523357	CC(C)[C@H](NS(=O)(=O)c1ccc2c(c1)oc1ccc(NC(=O)Oc3ccccc3)cc12)C(=O)O	10.2	1	7.991399828238082
CHEMBL523001	CC(C)[C@H](NS(=O)(=O)c1ccc2c(c1)oc1ccc(NC(N)=O)cc12)C(=O)O	7.6	1	8.119186407719209
CHEMBL492952	CC(C)[C@H](NS(=O)(=O)c1ccc2c(c1)oc1ccc(NC(=O)NC3CCCC3)cc12)C(=O)O	5.0	1	8.301029995663981
CHEMBL523683	CC(C)[C@H](NS(=O)(=O)c1ccc2c(c1)oc1ccc(NC(=O)Nc3ccsc3)cc12)C(=O)O	0.9	1	9.045757490560675
CHEMBL494529	CC(C)COC(=O)Nc1ccc2oc3cc(S(=O)(=O)N[C@H](C(=O)O)C(C)C)ccc3c2c1	4.7	1	8.327902142064282
CHEMBL493356	CC(C)[C@H](NS(=O)(=O)c1ccc2c(c1)oc1ccc(NC(=O)NCCc3cccs3)cc12)C(=O)O	1.1	1	8.958607314841775
CHEMBL492314	CC(C)[C@@H](NS(=O)(=O)c1ccc2oc3cc(NC(=O)Oc4ccccc4)ccc3c2c1)C(=O)O	45.0	1	7.346787486224656
CHEMBL147882	Cc1ccc(S(=O)(=O)N2CCc3cc(O)ccc3C2C(=O)NO)cc1	29.0	1	7.5376020021010435
CHEMBL1644427	O=C(O)C[C@@H](NC(=O)c1cc(-c2ccc(OC(F)(F)F)cc2)c(F)s1)c1ccccc1	200.0	1	6.698970004336019
CHEMBL1644429	CC(=O)c1ccc(-c2ccc(-c3cc(C(=O)NC[C@H]4CC[C@H](C(=O)O)CC4)sc3F)cc2)cc1	7.0	1	8.154901959985743
CHEMBL1644431	O=C(O)C[C@@H](NC(=O)c1cc(-c2ccc(-c3ccncc3)cc2)c(F)s1)c1ccccc1	13.0	1	7.886056647693163
CHEMBL424130	O=C(NO)C1c2ccc(O)cc2CCN1S(=O)(=O)c1cc(Cl)ccc1Cl	170.0	1	6.769551078621726
CHEMBL368013	O=C(NCCN1CCOCC1)c1cc(-c2ccc(-c3ccccc3)cc2)cs1	400.0	1	6.3979400086720375
CHEMBL181817	CC1CCC(OC(=O)NC(=O)c2cc(-c3ccc(OC(F)(F)F)cc3)cs2)CC1	400.0	1	6.3979400086720375
CHEMBL270296	N[C@@H]1CCCC[C@H]1NC(=O)P(=O)(O)O	100000.0	0	4.0
CHEMBL1957606	O=C(NO)[C@@H]1CS(=O)(=O)CN1S(=O)(=O)c1ccc(Oc2ccc(Cl)cc2)cc1	19.0	1	7.721246399047171
CHEMBL399999	O=C(Oc1ccsc1)c1cccc(S)n1	93000.0	0	4.031517051446065
CHEMBL253835	O=C(OCc1cccc(-c2ccccc2)c1)c1cccc(=O)[nH]1	99000.0	0	4.00436480540245
CHEMBL254838	O=C(OC1CCCCC1)c1cccc(=O)[nH]1	71000.0	0	4.1487416512809245
CHEMBL254627	CC(C)=CCOC(=O)c1cccc(=O)[nH]1	67000.0	0	4.173925197299174
CHEMBL250057	O=C(OCc1ccc(F)cc1)c1cccc(S)n1	112000.0	0	3.9507819773298185
CHEMBL254039	O=C(Oc1cccs1)c1cccc(=O)[nH]1	65000.0	0	4.187086643357144
CHEMBL400358	c1ccc(CCCn2nnc(Cc3cccnc3)n2)cc1	150000.0	0	3.8239087409443187
CHEMBL398662	O=C(OCc1ccc(C(F)(F)F)cc1)c1cccc(S)n1	94000.0	0	4.026872146400302
CHEMBL254240	O=C(OCc1cccc(Br)c1)c1cccc(=O)[nH]1	31000.0	0	4.508638306165727
CHEMBL398892	O=C(OCc1cccc(F)c1)c1cccc(=O)[nH]1	16000.0	0	4.795880017344075
CHEMBL1935286	CC(C)[C@H](NS(=O)(=O)c1ccc2c(c1)oc1ccc(-c3ccc(Cl)o3)cc12)C(=O)O	0.1	1	10.0
CHEMBL571601	Nc1nc2c(-c3[nH]c(Br)c(CCc4cccc(C(F)(F)F)c4)c3Br)nccc2[nH]1	100000.0	0	4.0
CHEMBL571149	Cc1cc(-c2nccc3[nH]c(N)nc23)[nH]c1Br	100000.0	0	4.0
CHEMBL571072	Nc1nc2c(-c3cc(Cl)c(Cl)[nH]3)nccc2[nH]1	5020.0	1	5.29929628285498
CHEMBL356124	COc1ccc(S(=O)(=O)N2CCc3cc(O)ccc3C2C(=O)NO)cc1	7689.0	1	5.114130139096093
CHEMBL1427458	Cc1ccc(Oc2ccc(C(=O)NCc3ccncc3)cc2)cc1	100000.0	0	4.0
CHEMBL583670	Nc1nc2c(-c3cc(CCCc4ccccc4)c(Br)[nH]3)nccc2[nH]1	100000.0	0	4.0
CHEMBL576710	Cc1c(Br)[nH]c(-c2nccc3[nH]c(N)nc23)c1Br	5020.0	1	5.29929628285498
CHEMBL399998	c1cncc(Cc2nn[nH]n2)c1	150000.0	0	3.8239087409443187
CHEMBL250058	O=C(OCc1c(F)cccc1F)c1cccc(S)n1	127000.0	0	3.896196279044043
CHEMBL252326	CCCCCOC(=O)c1cccc(=O)[nH]1	68000.0	0	4.167491087293763
CHEMBL398838	O=C(Oc1ccsc1)c1cccc(=O)[nH]1	62000.0	0	4.207608310501746
CHEMBL254038	O=C(OCc1cccc(Oc2ccccc2)c1)c1cccc(=O)[nH]1	118000.0	0	3.9281179926938745
CHEMBL253172	COc1ccc(COC(=O)c2cccc(=O)[nH]2)cc1	105000.0	0	3.9788107009300617
CHEMBL254006	O=C(OCc1cccc(C(F)(F)F)c1)c1cccc(=O)[nH]1	82000.0	0	4.086186147616283
CHEMBL251937	O=C(OC1CCC1)c1cccc(=O)[nH]1	51000.0	0	4.292429823902063
CHEMBL252965	COc1cccc(COC(=O)c2cccc(=O)[nH]2)c1	69000.0	0	4.161150909262744
CHEMBL551655	CC(C)[C@H](NS(=O)(=O)c1ccc2c(c1)sc1ccc(NS(C)(=O)=O)cc12)C(=O)O	50.0	1	7.301029995663981
CHEMBL550984	CC(C)[C@H](NS(=O)(=O)c1ccc2c(c1)sc1cc(NC(=O)Oc3ccccc3)ccc12)C(=O)O	25.0	1	7.6020599913279625
CHEMBL564897	CC(C)[C@H](NS(=O)(=O)c1ccc2c(c1)sc1cc(NC(=O)NC3CCCC3)ccc12)C(=O)O	1000.0	1	6.0
CHEMBL550786	CC(C)[C@@H](NS(=O)(=O)c1ccc2c(c1)sc1cc(NC(=O)Nc3ccccc3)ccc12)C(=O)O	1470.0	1	5.8326826652518236
CHEMBL1935295	CC(C)c1nc(-c2ccc3oc4cc(S(=O)(=O)N[C@H](C(=O)O)C(C)C)ccc4c3c2)no1	4.5	1	8.346787486224656
CHEMBL249860	C1=C(n2cc(C3=NCCO3)nn2)CCCC1	150000.0	0	3.8239087409443187
CHEMBL252522	O=C(OCCc1ccccc1)c1cccc(S)n1	117000.0	0	3.9318141382538383
CHEMBL253823	O=C(OCc1cccc(Cl)c1)c1cccc(=O)[nH]1	46000.0	0	4.337242168318426
CHEMBL394363	Brc1cc(-c2nccc3[nH]cnc23)[nH]c1Br	43600.0	0	4.360513510731414
CHEMBL394362	Cn1c(N)nc2c(-c3cc(Br)c(Br)[nH]3)nccc21	56900.0	0	4.244887733604929
CHEMBL583771	COC(CCc1ccc(-c2ccccc2)cc1)CC(=O)O	3530.0	1	5.452225294612178
CHEMBL575534	O=C(O)CC(O)CCc1ccc(-c2ccncc2)cc1	55.0	1	7.259637310505756
CHEMBL575946	O=C(O)CC(O)CCc1ccc(-c2ccc3c(c2)oc2ccccc23)cc1	20100.0	0	4.696803942579511
CHEMBL508461	O=C(O)C[C@@H](NC(=O)c1cc(-c2ccc(-c3ccncc3)cc2)cs1)c1ccccc1	14.0	1	7.853871964321762
CHEMBL584365	COc1ccc(-c2ccc(S(=O)(=O)c3ccccc3CC(=O)NO)cc2)cc1	4.8	1	8.318758762624412
CHEMBL1782665	O=C(O)Cc1ccc(CNC(=O)c2cc(-c3ccc(-c4ccccc4O)cc3)cs2)cc1	90.0	1	7.045757490560675
CHEMBL180762	Cc1ccc(COC(=O)NC(=O)c2cc(-c3ccc(-c4ccccc4O)cc3)cs2)cc1	70.0	1	7.154901959985743
CHEMBL263501	CCCCC(CC(=O)NO)S(=O)(=O)c1ccccc1	12.0	1	7.920818753952375
CHEMBL573934	COc1ccc(-c2ccc(S(=O)(=O)c3ccccc3C(=O)NO)cc2)cc1	70.0	1	7.154901959985743
CHEMBL575895	COc1ccc(S(=O)(=O)c2ccccc2C(=O)NO)cc1	14000.0	0	4.853871964321762
CHEMBL1957604	O=C(NO)[C@@H]1C[S+]([O-])CN1S(=O)(=O)c1ccc(-c2ccccc2)cc1	2500.0	1	5.6020599913279625
CHEMBL1957605	O=C(NO)[C@@H]1CS(=O)(=O)CN1S(=O)(=O)c1ccc(-c2ccccc2)cc1	500.0	1	6.301029995663981
CHEMBL4203044	COc1ccc(-c2ccc(Sc3ccccc3C3CCC(=O)N(O)C3=O)cc2)cc1	33.0	1	7.481486060122112
CHEMBL4212208	COc1ccc(-c2ccc(Sc3ccccc3CC(=O)NS(=O)(=O)C(F)(F)F)cc2)cc1	2100.0	1	5.6777807052660805
CHEMBL551190	CC(C)[C@H](NS(=O)(=O)c1ccc2sc3ccccc3c2c1)C(=O)O	750.0	1	6.1249387366083
CHEMBL561310	COC(=O)Nc1ccc2c(c1)sc1ccc(S(=O)(=O)N[C@@H](C(=O)O)C(C)C)cc12	2900.0	1	5.5376020021010435
CHEMBL550702	CC(C)[C@H](NS(=O)(=O)c1ccc2c(c1)sc1cc(N)ccc12)C(=O)O	42.0	1	7.376750709602099
CHEMBL4218036	COc1ccc(-c2ccc(S(=O)(=O)c3ccccc3CP(=O)(O)O)cc2)cc1	600.0	1	6.221848749616356
CHEMBL504873	C[C@@H]1O[C@@H](O[C@H]2[C@H](O)[C@@H](COC(=O)/C=C/c3ccc(O)c(O)c3)O[C@@H](OCCc3ccc(O)c(O)c3)[C@@H]2O)[C@H](O)[C@H](O)[C@H]1O	8220.0	1	5.0851281824599495
CHEMBL403186	Cc1nc2ccccc2n1Cc1ccc(C(=O)N[C@@H]2CN(C(=O)OC(C)(C)C)C[C@@H]2C(=O)NO)cc1	250.0	1	6.6020599913279625
CHEMBL237366	COc1ccc(C2=NNC3(S2)C(=O)N(c2ccccc2C)c2ccc(C)cc23)cc1	22000.0	0	4.657577319177793
CHEMBL1935300	CC(C)[C@H](NS(=O)(=O)c1ccc2c(c1)oc1ccc(-c3noc(C4CC4)n3)cc12)C(=O)O	1.6	1	8.795880017344075
CHEMBL2048502	COC(=O)C1(O)CC(OC(=O)/C=C/c2ccc(O)c(O)c2)C(O)C(OC(=O)/C=C/c2ccc(O)c(O)c2)C1	1200.0	1	5.920818753952375
CHEMBL151	O=c1cc(-c2ccc(O)c(O)c2)oc2cc(O)cc(O)c12	980.0	1	6.008773924307505
CHEMBL4763004	CC(=O)N[C@@H](COCc1ccccc1)C(=O)N[C@H](CCc1ccccc1)C(=O)N[C@H](Cc1cccc(Cl)c1)C(=O)NO	47.2	1	7.3260580013659125
CHEMBL1939845	CC(C)[C@@H]1C(=O)N(O)C(=O)CN1S(=O)(=O)c1ccc(-c2ccccc2)cc1	19.0	1	7.721246399047171
CHEMBL1935288	Cc1ccc(-c2ccc3oc4cc(S(=O)(=O)N[C@H](C(=O)O)C(C)C)ccc4c3c2)s1	0.2	1	9.698970004336019
CHEMBL1935291	CC(C)[C@H](NS(=O)(=O)c1ccc2c(c1)oc1ccc(-c3nccs3)cc12)C(=O)O	1.0	1	9.0
CHEMBL400850	CCCCCCCn1cc(C2=NCCO2)nn1	150000.0	0	3.8239087409443187
CHEMBL428762	C(=C/c1ccccc1)\Cn1nnc(Cc2cccnc2)n1	150000.0	0	3.8239087409443187
CHEMBL249859	CCCCCCOC(=O)c1cccc(S)n1	105000.0	0	3.9788107009300617
CHEMBL250070	O=C(OCc1ccc(Oc2ccccc2)cc1)c1cccc(S)n1	109000.0	0	3.962573502059376
CHEMBL251425	O=C(OCc1ccc(-c2ccccc2)cc1)c1cccc(S)n1	135000.0	0	3.869666231504994
CHEMBL250059	O=C(OCc1cc(F)c(F)cc1F)c1cccc(S)n1	106000.0	0	3.9746941347352296
CHEMBL254611	O=C(OCc1cccc(F)c1)c1cccc(S)n1	151000.0	0	3.8210230527068307
CHEMBL254406	COc1cccc(COC(=O)c2cccc(S)n2)c1	78000.0	0	4.107905397309519
CHEMBL402720	O=C(OCc1ccccc1)c1cccc(S)n1	82000.0	0	4.086186147616283
CHEMBL254821	O=C(Oc1ccco1)c1cccc(=O)[nH]1	76000.0	0	4.119186407719209
CHEMBL398450	O=C(OCc1cc(F)c(F)cc1F)c1cccc(=O)[nH]1	56000.0	0	4.251811972993799
CHEMBL148171	COc1cc2c(cc1O)CCN(S(=O)(=O)c1ccccc1)C2C(=O)NO	65.0	1	7.187086643357144
CHEMBL1935297	CC(C)Cc1nc(-c2ccc3oc4cc(S(=O)(=O)N[C@H](C(=O)O)C(C)C)ccc4c3c2)no1	5.4	1	8.267606240177031
CHEMBL1935279	CC(C)[C@H](NS(=O)(=O)c1ccc2c(c1)oc1ccc(-n3cccn3)cc12)C(=O)O	15.0	1	7.823908740944319
CHEMBL1782664	O=C(O)Cc1ccc(CNC(=O)c2cc(-c3ccc(-c4ccccc4)cc3)cs2)cc1	70.0	1	7.154901959985743
CHEMBL1935298	COCc1nc(-c2ccc3oc4cc(S(=O)(=O)N[C@H](C(=O)O)C(C)C)ccc4c3c2)no1	1.9	1	8.721246399047171
CHEMBL1935299	CC(C)[C@H](NS(=O)(=O)c1ccc2c(c1)oc1ccc(-c3noc(C(F)(F)F)n3)cc12)C(=O)O	2.2	1	8.657577319177793
CHEMBL4207046	COc1ccc(-c2ccc(Sc3ccccc3CC(=O)NS(C)(=O)=O)cc2)cc1	3300.0	1	5.481486060122113
CHEMBL572027	Nc1nc2c(-c3[nH]c(Br)c(Cc4ccccc4)c3Br)nccc2[nH]1	100000.0	0	4.0
CHEMBL582812	Nc1nc2c(-c3[nH]c(Br)c(Br)c3CCc3ccccc3)nccc2[nH]1	100000.0	0	4.0
CHEMBL4213651	COc1ccc(-c2ccc(S(=O)(=O)c3ccccc3CC(=O)NS(C)(=O)=O)cc2)cc1	3500.0	1	5.455931955649724
CHEMBL4202548	COc1ccc(-c2ccc(Sc3ccccc3C(=O)CS(C)(=O)=O)cc2)cc1	230000.0	0	3.638272163982407
CHEMBL515439	CC(C)[C@H](NS(=O)(=O)c1ccc2oc3ccccc3c2c1)C(=O)O	600.0	1	6.221848749616356
CHEMBL475230	CC(C)[C@@H](NS(=O)(=O)c1ccc2oc3cc(NS(C)(=O)=O)ccc3c2c1)C(=O)O	11.0	1	7.958607314841775
CHEMBL474622	CC(C)OC(=O)Nc1ccc2c(c1)oc1ccc(S(=O)(=O)N[C@@H](C(=O)O)C(C)C)cc12	39.0	1	7.4089353929735005
CHEMBL449325	COc1ccc2nc[nH]c2c1	2000000.0	0	2.6989700043360187
CHEMBL401435	COc1ccc(C2=NNC3(S2)C(=O)N(Cc2ccccc2)c2ccc(C)cc23)cc1	22000.0	0	4.657577319177793
CHEMBL492905	CC(C)[C@H](NS(=O)(=O)c1ccc2c(c1)oc1cc(NC(=O)Oc3ccc(F)cc3)ccc12)C(=O)O	16.0	1	7.795880017344075
CHEMBL552377	CC(C)[C@H](NS(=O)(=O)c1ccc2sc3cc(NS(C)(=O)=O)ccc3c2c1)C(=O)O	2100.0	1	5.6777807052660805
CHEMBL561715	CCOC(=O)Nc1ccc2c(c1)sc1cc(S(=O)(=O)N[C@H](C(=O)O)C(C)C)ccc12	6.3	1	8.200659450546418
CHEMBL576790	Cc1[nH]c(-c2nccc3[nH]c(N)nc23)cc1Br	100000.0	0	4.0
CHEMBL559583	CC(C)OC(=O)Nc1ccc2c(c1)sc1cc(S(=O)(=O)N[C@H](C(=O)O)C(C)C)ccc12	23.1	1	7.636388020107856
CHEMBL551187	CC(C)[C@H](NS(=O)(=O)c1ccc2c(c1)sc1cc(NC(=O)NCCc3cccs3)ccc12)C(=O)O	187.0	1	6.728158393463501
CHEMBL564510	CC(C)[C@H](NS(=O)(=O)c1ccc2c(c1)sc1cc(NC(=O)Nc3ccccc3)ccc12)C(=O)O	89.0	1	7.050609993355087
CHEMBL563343	CC(C)[C@H](NS(=O)(=O)c1ccc2c(c1)sc1cc(NC(=O)NCc3ccccc3)ccc12)C(=O)O	34.1	1	7.467245621007502
CHEMBL571814	Nc1nc2c(-c3cc(Br)c(-c4ccccc4)[nH]3)nccc2[nH]1	100000.0	0	4.0
CHEMBL78001	CCCCC(CC(=O)NO)S(=O)(=O)c1ccc2ccccc2c1	13.0	1	7.886056647693163
CHEMBL571362	Nc1nc2c(-c3cc(-c4ccccc4)c(Br)[nH]3)nccc2[nH]1	18700.0	0	4.728158393463501
CHEMBL572947	O=C(O)C[S+]([O-])CCc1ccc(-c2ccccc2)cc1	4500.0	1	5.346787486224656
CHEMBL574444	O=C(O)CC(O)CCc1ccc(-c2cc3ccccc3o2)cc1	181.0	1	6.7423214251308154
CHEMBL447787	CC(C)c1nc2ccccc2n1Cc1ccc(C(=O)N[C@@H]2CN(C(=O)OC(C)(C)C)C[C@@H]2C(=O)NO)cc1	390.0	1	6.4089353929735005
CHEMBL475619	CC(C)[C@H](NS(=O)(=O)c1ccc2c(c1)oc1ccc(NS(=O)(=O)CC(F)(F)F)cc12)C(=O)O	70.0	1	7.154901959985743
CHEMBL497985	CN1CC2(CC2)C[C@H](C(=O)NO)[C@H]1C(=O)N1CCN(c2ccc(C(F)(F)F)cn2)CC1	564.0	1	6.248720896016658
CHEMBL253275	O=C(N[C@@H]1CCOC[C@@H]1C(=O)NO)c1ccc(Cn2c(C(F)(F)F)nc3ccccc32)cc1	8000.0	1	5.096910013008056
CHEMBL474456	COC(=O)Nc1ccc2c(c1)oc1ccc(S(=O)(=O)N[C@@H](C(=O)O)C(C)C)cc12	7.2	1	8.142667503568731
CHEMBL523670	Cc1ccc(OC(=O)Nc2ccc3oc4cc(S(=O)(=O)N[C@H](C(=O)O)C(C)C)ccc4c3c2)cc1	14.0	1	7.853871964321762
CHEMBL474397	CC(C)[C@@H](NS(=O)(=O)c1ccc2oc3cc(NS(=O)(=O)C(C)C)ccc3c2c1)C(=O)O	50.0	1	7.301029995663981
CHEMBL201206	O=C(O)CC(Cc1ccccc1)C(=O)c1ccc(C#Cc2ccccc2)cc1	600.0	1	6.221848749616356
CHEMBL203199	O=C(O)CCC(=O)c1ccc(C#CCO)cc1	24690.0	0	4.6074789100680675
CHEMBL379247	O=C(O)CC(CC1CCCC1)C(=O)c1ccc(C#Cc2ccccc2)cc1	320.0	1	6.494850021680094
CHEMBL202875	CCC(CC(=O)O)C(=O)c1ccc(C#Cc2ccccc2)cc1	480.0	1	6.318758762624412
CHEMBL2048508	O=C1c2c(O)cc(O)cc2O[C@H](c2cc(O)c(O)c(O)c2)[C@@H]1O	1740.0	1	5.7594507517174005
CHEMBL66	O=C1c2c(O)cc(O)cc2O[C@H](c2ccc(O)c(O)c2)[C@H]1O	5750.0	1	5.2403321553103694
CHEMBL566511	O=C(O)CS(=O)(=O)CCc1ccc(-c2ccccc2)cc1	2490.0	1	5.603800652904264
CHEMBL575947	O=C(O)CC(O)CCc1ccc(-c2ccc(Oc3ccccc3)cc2)cc1	19900.0	0	4.701146923590294
CHEMBL579067	COc1ccc(Oc2ccc(S(=O)(=O)c3ccccc3CC(=O)O)cc2)cc1	380.0	1	6.42021640338319
CHEMBL561311	COC(=O)Nc1ccc2sc3cc(S(=O)(=O)N[C@@H](C(=O)O)C(C)C)ccc3c2c1	1.8	1	8.744727494896694
CHEMBL562374	CCOC(=O)Nc1ccc2c(c1)sc1cc(S(=O)(=O)N[C@@H](C(=O)O)C(C)C)ccc12	100.1	1	6.999565922520682
CHEMBL552175	CC(C)[C@H](NS(=O)(=O)c1ccc2c(c1)sc1cc(NC(=O)OCCS(C)(=O)=O)ccc12)C(=O)O	7.6	1	8.119186407719209
CHEMBL551110	CCNC(=O)Nc1ccc2c(c1)sc1cc(S(=O)(=O)N[C@H](C(=O)O)C(C)C)ccc12	260.0	1	6.585026652029182
CHEMBL493750	CC(C)[C@H](NS(=O)(=O)c1ccc2c(c1)oc1ccc(NC(=O)Oc3ccccc3Cl)cc12)C(=O)O	6.6	1	8.18045606445813
CHEMBL308277	CNC(=O)[C@@H](NC(=O)C(CCc1ccc(Cl)cc1)CP(=O)(O)Cc1ccc(Cc2ccccc2OC)cc1)C(C)(C)C	5.0	1	8.301029995663981
CHEMBL249862	c1ccc(Cn2cc(C3=NCCO3)nn2)cc1	150000.0	0	3.8239087409443187
CHEMBL251423	O=C(Oc1cccc2ccccc12)c1cccc(S)n1	150000.0	0	3.8239087409443187
CHEMBL254403	Cc1cccc(COC(=O)c2cccc(S)n2)c1	70000.0	0	4.154901959985743
CHEMBL253188	O=C(Oc1ccc2ccccc2c1)c1cccc(=O)[nH]1	97000.0	0	4.013228265733755
CHEMBL254239	O=C(OCc1ccccc1Br)c1cccc(=O)[nH]1	44000.0	0	4.356547323513812
CHEMBL253820	O=C(OCc1c(F)c(F)c(F)c(F)c1F)c1cccc(=O)[nH]1	63000.0	0	4.200659450546418
CHEMBL399304	O=C(OCc1cc(F)ccc1F)c1cccc(=O)[nH]1	100000.0	0	4.0
CHEMBL253373	O=C(OCc1ccccc1F)c1cccc(=O)[nH]1	68000.0	0	4.167491087293763
CHEMBL253801	Cc1ccc(COC(=O)c2cccc(=O)[nH]2)cc1	69000.0	0	4.161150909262744
CHEMBL254837	CC#CCOC(=O)c1cccc(=O)[nH]1	71000.0	0	4.1487416512809245
CHEMBL78233	CNC(=O)[C@@H](NC(=O)C(CCc1ccccc1)CP(=O)(O)Cc1ccccc1)C(C)(C)C	93.0	1	7.031517051446065
CHEMBL254448	O=C(OCc1ccc(Br)cc1)c1cccc(=O)[nH]1	105000.0	0	3.9788107009300617
CHEMBL254238	O=C(OCc1ccc(Cl)cc1)c1cccc(=O)[nH]1	47000.0	0	4.327902142064283
CHEMBL253605	O=C(OCc1c(F)cc(F)cc1F)c1cccc(=O)[nH]1	31000.0	0	4.508638306165727
CHEMBL445939	CC(C)OC(=O)c1cccc(=O)[nH]1	67000.0	0	4.173925197299174
CHEMBL249861	CCCCCCn1cc(C2=NCCO2)nn1	150000.0	0	3.8239087409443187
CHEMBL400449	O=C(OCc1cc(F)ccc1F)c1cccc(S)n1	17000.0	0	4.769551078621726
CHEMBL254610	O=C(OCCCCOc1ccccc1)c1cccc(S)n1	78000.0	0	4.107905397309519
CHEMBL399684	O=C(OCc1cc(F)cc(F)c1)c1cccc(=O)[nH]1	20000.0	0	4.698970004336019
CHEMBL156406	O=C1NC(=O)C(c2ccccc2)N1	290.0	1	6.5376020021010435
CHEMBL485691	Cc1ccc2c(c1)NC(=O)CO2	355000.0	0	3.449771646944906
CHEMBL251426	O=C(OCc1cccc(-c2ccccc2)c1)c1cccc(S)n1	52000.0	0	4.2839966563652006
CHEMBL399504	O=C(Oc1cccc2ccccc12)c1cccc(=O)[nH]1	111000.0	0	3.9546770212133424
CHEMBL438519	O=C(OCCOc1ccccc1)c1cccc(=O)[nH]1	79000.0	0	4.102372908709558
CHEMBL230806	Nc1nc2ccnc(-c3cc(Br)c(Br)[nH]3)c2[nH]1	3660.0	1	5.436518914605589
CHEMBL395712	CNc1nc2c(-c3cc(Br)c(Br)[nH]3)nccc2[nH]1	10400.0	0	4.982966660701219
CHEMBL249863	c1ccc(CCCn2cc(C3=NCCO3)nn2)cc1	150000.0	0	3.8239087409443187
CHEMBL251424	O=C(Oc1ccc2ccccc2c1)c1cccc(S)n1	101000.0	0	3.9956786262173574
CHEMBL399997	O=C(OCc1ccccc1Br)c1cccc(S)n1	150000.0	0	3.8239087409443187
CHEMBL251081	O=C(OCc1ccc(Cl)cc1)c1cccc(S)n1	115000.0	0	3.939302159646388
CHEMBL399908	COc1ccc(COC(=O)c2cccc(S)n2)cc1	96000.0	0	4.017728766960432
CHEMBL252523	O=C(OCCCc1ccccc1)c1cccc(S)n1	85000.0	0	4.070581074285707
CHEMBL253189	O=C(OCc1ccc2c(c1)OCO2)c1cccc(=O)[nH]1	105000.0	0	3.9788107009300617
CHEMBL399685	O=C(OCc1ccccc1Cl)c1cccc(=O)[nH]1	68000.0	0	4.167491087293763
CHEMBL253375	O=C(OCc1c(F)cccc1F)c1cccc(=O)[nH]1	60000.0	0	4.221848749616356
CHEMBL1162966	O=C(OCc1ccc(C(F)(F)F)cc1)c1cccc(=O)[nH]1	64000.0	0	4.1938200260161125
CHEMBL584122	COc1ccc(Oc2ccc(S(=O)(=O)c3ccccc3C(=O)NO)cc2)cc1	920.0	1	6.036212172654444
CHEMBL2092878	CCCC[C@@H](CC(=O)NO)S(=O)(=O)c1ccccc1	9.0	1	8.045757490560675
CHEMBL147604	O=C(NO)C1c2ccc(OCc3ccccc3)cc2CCN1S(=O)(=O)c1cc(Cl)ccc1Cl	931.0	1	6.031050319018657
CHEMBL4788689	CC(=O)N[C@@H](Cc1ccc2ccccc2c1)C(=O)N[C@H](CCc1ccccc1)C(=O)N[C@H](Cc1ccccc1)C(=O)NO	138.2	1	6.85949195696182
CHEMBL4742155	CC(=O)N[C@@H](COCc1ccccc1)C(=O)N[C@H](CCc1ccccc1)C(=O)N[C@H](Cc1ccc(Cl)cc1)C(=O)NO	35.1	1	7.454692883534176
CHEMBL4764208	CC(=O)N[C@@H](COCc1ccccc1)C(=O)N[C@H](CCc1ccccc1)C(=O)N[C@H](Cc1cccc(F)c1)C(=O)NO	30.2	1	7.519993057042849
CHEMBL4765190	CC(=O)N[C@@H](COCc1ccccc1)C(=O)N[C@H](CCc1ccccc1)C(=O)N[C@H](Cc1ccc(F)c(F)c1F)C(=O)NO	75.9	1	7.11975822410452
CHEMBL492904	CC(C)[C@H](NS(=O)(=O)c1ccc2c(c1)oc1cc(NC(=O)OCCF)ccc12)C(=O)O	10.0	1	8.0
CHEMBL434567	COC(=O)N1CC2(CC2)C[C@H](C(=O)NO)[C@H]1C(=O)N1CC=C(c2ccccc2)CC1	17.0	1	7.769551078621726
CHEMBL3889936	CC(C)C(CS(=O)(=O)c1ccc(-c2cccc(CNC(=O)c3nc4ccccc4c(=O)[nH]3)c2)cc1)N(O)C=O	8.5	1	8.070581074285707
CHEMBL3978380	O=C(NCc1cccc(-c2ccc(CS(=O)(=O)Cc3n[nH]c(=O)[nH]3)cc2)c1)c1nc2ccccc2c(=O)[nH]1	9500.0	1	5.022276394711152
CHEMBL1935301	CC(C)[C@H](NS(=O)(=O)c1ccc2c(c1)oc1ccc(-c3noc(C4CCC4)n3)cc12)C(=O)O	2.3	1	8.638272163982407
CHEMBL1935303	CC(C)[C@H](NS(=O)(=O)c1ccc2c(c1)oc1ccc(-c3noc(-c4ccccc4)n3)cc12)C(=O)O	4.0	1	8.397940008672037
CHEMBL3358151	C[C@]1(CNC(=O)COc2ccc(Cl)cc2)NC(=O)NC1=O	70.0	1	7.154901959985743
CHEMBL4097165	O=C1NC(=O)[C@](CNC(=O)c2cc3cc(C(F)(F)F)ccc3o2)(C2CC2)N1	9.0	1	8.045757490560675
CHEMBL4290729	CO[C@@H]1O[C@H](CN([C@@H](C(=O)O)C(C)C)S(=O)(=O)c2ccc(-c3ccccc3)cc2)[C@@H](O)[C@H](O)[C@H]1O	51.0	1	7.292429823902063
CHEMBL4291027	CO[C@@H]1O[C@H](CNC(=S)NCCN([C@@H](C(=O)O)C(C)C)S(=O)(=O)c2ccc(-c3ccccc3)cc2)[C@@H](OC(C)=O)[C@H](OC(C)=O)[C@H]1OC(C)=O	20.0	1	7.698970004336019
CHEMBL4164016	CCNC(=O)CC[C@H](NS(=O)(=O)c1ccc([N+](=O)[O-])cc1)C(=O)O	109100.0	0	3.962175249411658
CHEMBL4162521	CCCCNC(=O)CC[C@H](NS(=O)(=O)c1ccc([N+](=O)[O-])cc1)C(=O)O	198300.0	0	3.7026772857946972
CHEMBL4211285	CCC[C@H](CN(O)C=O)C(=O)NCNC(=O)c1cc2cccc(OC)c2o1	1250.0	1	5.903089986991944
CHEMBL1939846	CC(C)[C@@H]1C(=O)N(O)C(=O)CN1S(=O)(=O)c1ccc(Oc2ccccc2)cc1	23.0	1	7.638272163982407
CHEMBL4208519	Cc1cc(COc2ccc(S(=O)(=O)N(C)C3(C(=O)NO)CN(C(=O)CC(C)C)C3)cc2)c2ccccc2n1	6.0	1	8.221848749616356
CHEMBL4210206	COc1ccc(-c2ccc(Sc3ccccc3CC(=O)NO)cc2)cc1	4.0	1	8.397940008672037
CHEMBL4214269	COc1ccc(-c2ccc(Sc3ccccc3CC(=O)O)cc2)cc1	40.0	1	7.3979400086720375
CHEMBL3355723	CC(C)C[C@H](CC(=O)NO)C(=O)N[C@@H](Cc1ccccc1)C(=O)N[C@@H](CCCCNC(=O)c1ccc(F)cc1)C(N)=O	138.0	1	6.860120913598763
CHEMBL578176	Nc1nc2c(-c3[nH]c(Br)c(Br)c3Br)nccc2[nH]1	1240.0	1	5.906578314837765
CHEMBL578412	Cc1[nH]c(-c2nccc3[nH]c(N)nc23)c(Br)c1Br	100000.0	0	4.0
CHEMBL572241	Nc1nc2c(-c3[nH]c(Br)c(CCc4ccccc4)c3Br)nccc2[nH]1	2990.0	1	5.52432881167557
CHEMBL583673	Nc1nc2c(-c3[nH]c(Br)c(CCCc4ccccc4)c3Br)nccc2[nH]1	100000.0	0	4.0
CHEMBL2337131	O=C(NO)C1c2ccc(Oc3ccccc3)cc2CCN1S(=O)(=O)c1cc(Cl)ccc1Cl	0.93	1	9.031517051446064
CHEMBL473611	CC(C)[C@H](NS(=O)(=O)c1ccc2c(c1)oc1ccc(NS(C)(=O)=O)cc12)C(=O)O	10.3	1	7.987162775294828
CHEMBL251465	c1ccc(CCn2nnc(Cc3cccnc3)n2)cc1	150000.0	0	3.8239087409443187
CHEMBL249249	C(=C/c1ccccc1)\Cn1cc(C2=NCCO2)nn1	61000.0	0	4.214670164989233
CHEMBL400851	c1ccc(CCn2cc(C3=NCCO3)nn2)cc1	150000.0	0	3.8239087409443187
CHEMBL254405	O=C(OCc1cccc(C(F)(F)F)c1)c1cccc(S)n1	134000.0	0	3.8728952016351923
CHEMBL254404	Cc1ccc(COC(=O)c2cccc(S)n2)cc1	81000.0	0	4.0915149811213505
CHEMBL252327	O=C(OC1CCC1)c1cccc(S)n1	150000.0	0	3.8239087409443187
CHEMBL254657	O=C(OC/C=C/c1ccccc1)c1cccc(=O)[nH]1	70000.0	0	4.154901959985743
CHEMBL255051	O=C(OCCc1ccccc1)c1cccc(=O)[nH]1	68000.0	0	4.167491087293763
CHEMBL399070	O=C(OCc1ccccc1)c1cccc(=O)[nH]1	69000.0	0	4.161150909262744
CHEMBL230085	CN(C)c1nc2c(-c3cc(Br)c(Br)[nH]3)nccc2[nH]1	100000.0	0	4.0
CHEMBL1233524	CN(C)CCN(C)[C@H]1COc2ccccc2-c2c(C3CCCCC3)c3ccc(C(=O)O)cc3n2C1	8300.0	1	5.080921907623926
CHEMBL4278980	CC(C)[C@H](C(=O)O)N([C@@H]1O[C@H](CO)[C@@H](O)[C@H](O)[C@H]1O)S(=O)(=O)c1ccc(-c2ccccc2)cc1	1300.0	1	5.886056647693163
CHEMBL4277909	CC(=O)N[C@@H]1[C@@H](OC(C)=O)[C@H](OC(C)=O)[C@@H](COC(C)=O)O[C@H]1N([C@@H](C(=O)O)C(C)C)S(=O)(=O)c1ccc(-c2ccccc2)cc1	40000.0	0	4.3979400086720375
CHEMBL579026	Nc1nc2c(-c3cc(Cc4ccccc4)c(Br)[nH]3)nccc2[nH]1	100000.0	0	4.0
CHEMBL552362	CC(C)[C@H](NS(=O)(=O)c1ccc2c(c1)oc1cc(NC(=O)NCCc3cccs3)ccc12)C(=O)O	18.0	1	7.7447274948966935
CHEMBL563177	CC(C)[C@H](NS(=O)(=O)c1ccc2c(c1)oc1cc(N3CCOC3=O)ccc12)C(=O)O	9.2	1	8.036212172654444
CHEMBL2409711	C[C@]1(CS(=O)(=O)N2CCC(Oc3ccc(Cl)cc3)CC2)NC(=O)NC1=O	8.9	1	8.050609993355087
CHEMBL2437163	O=C(COc1ccc(Cl)cc1)NNC(=S)NCCCCC1CCCCC1	100000.0	0	4.0
CHEMBL4215407	Cc1cc(COc2ccc(S(=O)(=O)N(C)C3(C(=O)NO)CN(C(=O)C(C)C)C3)cc2)c2ccccc2n1	13.0	1	7.886056647693163
CHEMBL3827243	O=C(CC[C@H](NS(=O)(=O)c1ccc(-c2ccccc2)cc1)C(=O)O)NCc1ccccc1Cl	63.0	1	7.200659450546418
CHEMBL3827306	CCCNC(=O)CC[C@H](NS(=O)(=O)c1ccc(-c2ccccc2)cc1)C(=O)O	177.6	1	6.750557038557417
CHEMBL4745509	CC(=O)N[C@@H](COCc1ccccc1)C(=O)N[C@H](CCc1ccccc1)C(=O)N[C@H](Cc1ccc(F)cc1)C(=O)NO	42.0	1	7.376750709602099
CHEMBL4757848	CC(=O)N[C@@H](COCc1ccccc1)C(=O)N[C@H](CCc1ccccc1)C(=O)N[C@H](Cc1ccc(OC(C)=O)cc1)C(=O)NO	36.1	1	7.442492798094342
CHEMBL4741404	CC(=O)N[C@@H](COCc1ccccc1)C(=O)N[C@H](CCc1ccccc1)C(=O)N[C@H](Cc1ccccc1F)C(=O)NO	27.8	1	7.555955204081924
CHEMBL4748728	CC(=O)N[C@@H](COCc1ccccc1)C(=O)N[C@H](CCc1ccc(C(F)(F)F)cc1)C(=O)N[C@H](Cc1ccccc1)C(=O)NO	16.7	1	7.777283528852417
CHEMBL4745673	CC(=O)N[C@@H](COCc1ccccc1)C(=O)N[C@H](CCc1ccccc1)C(=O)N[C@H](Cc1cccc(C)c1)C(=O)NO	35.5	1	7.449771646944906
CHEMBL3827453	CCCCCCNC(=O)CC[C@H](NS(=O)(=O)c1ccc(-c2ccccc2)cc1)C(=O)O	96.1	1	7.017276612331455
CHEMBL50	O=c1c(O)c(-c2ccc(O)c(O)c2)oc2cc(O)cc(O)c12	10230.0	0	4.99012436628784
CHEMBL2048505	COC(=O)[C@H]1c2c(/C=C/C(=O)O[C@H](Cc3ccc(O)c(O)c3)C(=O)OC)ccc(O)c2O[C@@H]1c1ccc(O)c(O)c1	670.0	1	6.173925197299173
CHEMBL2047536	Cc1c(C(=O)O)ccc2c1CC[C@@H]2NC(=O)c1cc(C(=O)NCc2ccc3c(c2)NC(=O)CO3)nc2ccnn12	655.0	1	6.183758700008217
CHEMBL4761188	NC(=O)[C@H](CCC(=O)O)NC(=O)c1ccc(-c2cc(-c3ccccc3)cs2)cc1	2.5	1	8.602059991327963
CHEMBL4207732	CC(C)[C@H](NS(=O)(=O)c1ccc2c(c1)oc1ccc(NC(=O)Oc3ccc(Br)cc3)cc12)C(=O)O	11.0	1	7.958607314841775
CHEMBL2326363	O=C(O)Cc1ccccc1S(=O)(=O)c1ccc(-c2ccc(OCCF)cc2)cc1	44.0	1	7.356547323513812
CHEMBL2326364	O=C(O)Cc1ccccc1S(=O)(=O)c1ccc(-c2ccc(F)cc2)cc1	400.0	1	6.3979400086720375
CHEMBL2048512	CNC(=O)C(CCc1ccccc1)NC(=O)C(CC(=O)NO)CC(C)C	8.2	1	8.086186147616283
CHEMBL4080520	CNC(=O)[C@@H](NC(=O)c1ccc(-c2ccc(CSc3nc4c(c(=O)[nH]3)CCC4)c(F)c2)o1)C(C)C	1800.0	1	5.7447274948966935
CHEMBL2048506	CCCCOC(=O)[C@H]1c2c(/C=C/C(=O)O[C@H](Cc3ccc(O)c(O)c3)C(=O)O)ccc(O)c2O[C@@H]1c1ccc(O)c(O)c1	1790.0	1	5.747146969020107
CHEMBL2409700	C[C@]1(CS(=O)(=O)N2CCC(Oc3ccc(OC(F)(F)F)cc3)CC2)NC(=O)NC1=O	3.3	1	8.481486060122112
CHEMBL2409698	C[C@]1(CS(=O)(=O)N2CCC(Oc3ccc(F)cc3)CC2)NC(=O)NC1=O	23.7	1	7.6252516539898965
CHEMBL4102106	Cc1cc(COc2ccc(S(=O)(=O)N3CCN(C(=O)C(C)(C)C)C(C(=O)NO)C3)cc2)c2c(n1)CCCC2	930.0	1	6.031517051446065
CHEMBL4784390	CC(=O)N[C@@H](COCc1ccccc1)C(=O)N[C@H](CCc1ccccc1)C(=O)N[C@H](Cc1ccc(O)cc1)C(=O)NO	42.1	1	7.375717904164332
CHEMBL2326365	O=C(O)Cc1ccccc1S(=O)(=O)c1ccc(-c2ccc(NC(=O)CF)cc2)cc1	500.0	1	6.301029995663981
CHEMBL1935292	Cc1cnc(-c2ccc3oc4cc(S(=O)(=O)N[C@H](C(=O)O)C(C)C)ccc4c3c2)s1	1.2	1	8.920818753952375
CHEMBL1935293	Cc1nc(-c2ccc3oc4cc(S(=O)(=O)N[C@H](C(=O)O)C(C)C)ccc4c3c2)no1	8.6	1	8.065501548756432
CHEMBL1940296	CNC(=O)c1ccc(Oc2ccc(C#C[C@]3(O)CN4CCC3CC4)cc2)cc1	100000.0	0	4.0
CHEMBL4102193	O=C(CCc1ccc(C(F)(F)F)cc1)NC[C@@]1(C2CC2)NC(=O)NC1=O	5.0	1	8.301029995663981
CHEMBL2205659	CC(C)C[C@H](NC(=O)[C@@H]1CCCN1C(=O)OCc1ccccc1)C(=O)N(CC(=O)O)S(=O)(=O)c1ccc(-c2ccccc2)cc1	13000.0	0	4.886056647693163
CHEMBL3828051	O=C(CC[C@H](NS(=O)(=O)c1ccc(-c2ccccc2)cc1)C(=O)O)NCCc1ccccc1	296.6	1	6.5278288533076365
CHEMBL3827680	O=C(CC[C@H](NS(=O)(=O)c1ccc(-c2ccccc2)cc1)C(=O)O)NCc1cc(C(F)(F)F)cc(C(F)(F)F)c1	462.0	1	6.335358024443875
CHEMBL4218681	CC(C)[C@H](NS(=O)(=O)c1ccc2c(c1)oc1ccc(NS(=O)(=O)c3ccc(I)cc3)cc12)C(=O)O	297.0	1	6.527243550682788
CHEMBL4206785	CCCCC[C@@H](C(=O)NCNC(=O)c1cc2cccc(OC)c2o1)[C@@H](CC)N(O)C=O	10000.0	1	5.0
CHEMBL3827250	CCCCNC(=O)CC[C@H](NS(=O)(=O)c1ccc(-c2ccccc2)cc1)C(=O)O	71.02	1	7.148619332034404
CHEMBL4211663	CCCCC[C@@H](C(=O)NCNC(=O)c1cc2cccc(OC)c2o1)[C@H](CC)N(O)C=O	200.0	1	6.698970004336019
CHEMBL4787278	CC(=O)N[C@@H](CCCc1ccccc1)C(=O)N[C@H](CCc1ccccc1)C(=O)N[C@H](Cc1ccccc1)C(=O)NO	19.5	1	7.709965388637482
CHEMBL4787709	COc1ccc(CCC[C@H](NC(=O)CN2CCOCC2)C(=O)N[C@H](CCc2ccc(OC)cc2)C(=O)N[C@H](Cc2ccc(C)cc2)C(=O)NO)cc1	4.4	1	8.356547323513812
CHEMBL4764498	COC(=O)Nc1ccc2oc3cc(S(=O)(=O)N[C@@H](C(=O)O)C(C)C)ccc3c2c1	18.9	1	7.723538195826756
CHEMBL279785	CNC(=O)[C@@H](NC(=O)[C@H](CC(C)C)[C@H](O)C(=O)NO)C(C)(C)C	10000.0	1	5.0
CHEMBL4209100	COc1ccc(-c2ccc(Sc3ccccc3C(CCC(=O)O)C(=O)O)cc2)cc1	26.0	1	7.585026652029182
CHEMBL4206259	COc1ccc(-c2ccc(S(=O)(=O)c3ccccc3C(=O)CS(C)(=O)=O)cc2)cc1	10000.0	1	5.0
CHEMBL4293047	CC(=O)N[C@@H]1[C@@H](O)[C@H](O)[C@@H](CO)O[C@H]1N([C@@H](C(=O)O)C(C)C)S(=O)(=O)c1ccc(-c2ccccc2)cc1	9200.0	1	5.036212172654444
CHEMBL4289657	CO[C@@H]1O[C@H](CN([C@@H](C(=O)O)C(C)C)S(=O)(=O)c2ccc(-c3ccccc3)cc2)[C@@H](OC(C)=O)[C@H](OC(C)=O)[C@H]1NC(C)=O	83.0	1	7.080921907623926
CHEMBL4282849	CC(=O)OC[C@H]1O[C@@H](NC(=S)NCCN([C@@H](C(=O)O)C(C)C)S(=O)(=O)c2ccc(-c3ccccc3)cc2)[C@H](OC(C)=O)[C@@H](OC(C)=O)[C@@H]1OC(C)=O	19.0	1	7.721246399047171
CHEMBL4283171	CC(C)[C@H](C(=O)O)N(CCNC(=S)N[C@@H]1O[C@H](CO)[C@@H](O)[C@H](O)[C@H]1O)S(=O)(=O)c1ccc(-c2ccccc2)cc1	98.0	1	7.008773924307505
CHEMBL4214626	COc1ccc(-c2ccc(S(=O)(=O)c3ccccc3C3CCC(=O)N(O)C3=O)cc2)cc1	40.0	1	7.3979400086720375
CHEMBL3960062	O=C(NCc1cccc(OCCCS(=O)(=O)N2CCCCC2C(=O)O)c1)c1nc2ccccc2c(=O)[nH]1	300.0	1	6.522878745280337
CHEMBL4780646	CC(=O)N[C@@H](Cc1c[nH]c2ccccc12)C(=O)N[C@H](CCc1ccccc1)C(=O)N[C@H](Cc1ccccc1)C(=O)NO	34.9	1	7.45717457304082
CHEMBL4785870	COc1ccc(CCC[C@H](NC(C)=O)C(=O)N[C@H](CCc2ccccc2)C(=O)N[C@H](Cc2ccccc2)C(=O)NO)cc1	20.5	1	7.688246138944246
CHEMBL4741966	COc1ccc(CC[C@@H](NC(=O)[C@H](COCc2ccccc2)NC(C)=O)C(=O)N[C@H](Cc2ccccc2)C(=O)NO)cc1	16.3	1	7.787812395596042
CHEMBL4758924	CC(=O)N[C@@H](COCc1ccccc1)C(=O)N[C@H](CCc1ccccc1)C(=O)N[C@H](Cc1ccc(C)cc1)C(=O)NO	20.9	1	7.679853713888946
CHEMBL4755394	COc1ccc(CC[C@@H](NC(=O)[C@H](CCCc2ccccc2)NC(=O)CN2CCOCC2)C(=O)N[C@H](Cc2ccc(C)cc2)C(=O)NO)cc1	4.5	1	8.346787486224656
CHEMBL4759199	CC(=O)N[C@@H](COCc1ccccc1)C(=O)N[C@H](CCc1ccccc1)C(=O)N[C@H](Cc1ccc(C(F)(F)F)cc1)C(=O)NO	57.1	1	7.243363891754152
CHEMBL3958969	O=C(NCc1cccc(OCCCS(=O)(=O)N2CCCCC2C(=O)NO)c1)c1nc2ccccc2c(=O)[nH]1	1.8	1	8.744727494896694
